,,,,,,Ubiquituous,,,,Common,,,,Uncommon,,,,Rare,,,,Exceptional,,,,High Sec Ore,,,,,,,,,Null Sec Ore,,,,,,Comp,,,Check
Region,System,Planet,Moon,Named,Game Proper,Bitumens,Coesite,Sylvite,Zeolites,Cobaltite,Euxenite,Scheelite,Titanite,Chromite,Otavite,Sperrylite,Vanadinite,Carnotite,Cinnabar,Pollucite,Zircon,Loparite,Monazite,Xenotime,Ytterbite,Stable Veldspar,Glossy Scordite,Opulent Pyroxeres,Sparkling Plagioclase,Platinoid Omber,Resplendant Kernite,Immaculate Jaspet,Scintillating Hemorphite,Lustrous Hedbergite,Brilliant Gneiss,Jet Ochre,Dazzling Spodumain,Pellucid Crokite,Cubic Bistot,Flawless Arkonor,Moon Ore,High Sec Ore,Null Sec Ore,
Delve,0-HDC8,3,3,0-HDC8 3-3,0-HDC8 III - Moon 3,0%,0%,0%,0%,0%,0%,0%,0%,0%,0%,0%,0%,0%,0%,0%,0%,0%,0%,0%,0%,0%,0%,0%,0%,0%,0%,0%,0%,0%,0%,0%,0%,0%,0%,0%,0%,0%,0%,0%
Delve,1-SMEB,7,1,1-SMEB 7-1,1-SMEB VII - Moon 1,0%,0%,0%,0%,0%,0%,0%,0%,0%,0%,0%,0%,0%,0%,0%,0%,0%,0%,0%,0%,0%,0%,0%,0%,0%,0%,0%,0%,0%,0%,0%,0%,0%,0%,0%,0%,0%,0%,0%
Delve,1-SMEB,10,3,1-SMEB 10-3,1-SMEB X - Moon 3,,,,,,,,,,,,,,,,,,,,,,,,,,,,,,,,,,,,,,,
Delve,1B-VKF,6,4,1B-VKF 6-4,1B-VKF VI - Moon 4,0%,0%,21%,0%,0%,0%,0%,0%,0%,0%,0%,0%,0%,0%,0%,0%,0%,0%,0%,0%,0%,0%,0%,0%,0%,0%,0%,0%,0%,20%,0%,0%,29%,0%,29%,21%,0%,78%,99%
Delve,1B-VKF,8,2,1B-VKF 8-2,1B-VKF VIII - Moon 2,0%,33%,31%,19%,0%,0%,0%,0%,0%,0%,0%,0%,0%,0%,0%,0%,0%,0%,0%,0%,0%,0%,0%,0%,0%,0%,16%,0%,0%,0%,0%,0%,0%,0%,0%,83%,16%,0%,99%
Delve,1DQ1-A,6,2,1DQ1-A 6-2,1DQ1-A VI - Moon 2,0%,0%,0%,0%,0%,0%,0%,0%,0%,0%,0%,33%,0%,27%,0%,0%,0%,0%,0%,0%,0%,19%,0%,0%,0%,0%,0%,0%,0%,0%,,0%,20%,0%,0%,60%,19%,20%,99%
Delve,1DQ1-A,6,5,1DQ1-A 6-5,1DQ1-A VI - Moon 5,0%,0%,0%,0%,0%,0%,0%,0%,0%,17%,0%,43%,0%,0%,0%,0%,0%,0%,0%,0%,0%,0%,0%,0%,0%,0%,0%,0%,22%,0%,0%,0%,18%,0%,0%,60%,22%,18%,100%
Delve,1DQ1-A,6,12,1DQ1-A 6-12,1DQ1-A VI - Moon 12,0%,0%,0%,0%,0%,0%,0%,0%,28%,0%,0%,0%,0%,0%,0%,0%,0%,0%,0%,0%,0%,0%,0%,11%,0%,0%,0%,0%,29%,0%,0%,0%,0%,31%,0%,28%,40%,31%,99%
Delve,1DQ1-A,6,15,1DQ1-A 6-15,1DQ1-A VI - Moon 15,0%,0%,46%,0%,0%,0%,0%,0%,0%,0%,0%,0%,0%,0%,0%,0%,0%,0%,0%,0%,0%,0%,0%,32%,0%,0%,0%,0%,0%,23%,0%,0%,0%,0%,0%,46%,32%,23%,101%
Delve,1DQ1-A,7,7,1DQ1-A 7-7,1DQ1-A VII - Moon 7,0%,0%,0%,0%,0%,0%,0%,0%,19%,0%,0%,36%,0%,0%,0%,0%,0%,0%,0%,0%,0%,0%,0%,0%,0%,22%,0%,0%,0%,0%,23%,0%,0%,0%,0%,55%,22%,23%,100%
Delve,1DQ1-A,7,13,1DQ1-A 7-13,1DQ1-A VII - Moon 13,0%,0%,34%,12%,0%,0%,0%,0%,0%,0%,0%,0%,0%,21%,0%,0%,0%,0%,0%,0%,0%,0%,0%,0%,0%,0%,0%,0%,0%,0%,0%,33%,0%,0%,0%,67%,0%,33%,100%
Delve,23G-XC,8,10,23G-XC 8-10,23G-XC VIII - Moon 10,0%,0%,0%,0%,0%,0%,0%,0%,0%,0%,0%,0%,0%,0%,0%,0%,0%,0%,0%,0%,0%,0%,0%,0%,0%,0%,0%,0%,0%,0%,0%,0%,0%,0%,0%,0%,0%,0%,0%
Delve,23G-XC,8,20,23G-XC 8-20,23G-XC VIII - Moon 20,0%,0%,0%,0%,0%,0%,0%,0%,0%,0%,0%,0%,0%,0%,0%,0%,0%,0%,0%,0%,0%,0%,0%,0%,0%,0%,0%,0%,0%,0%,0%,0%,0%,0%,0%,0%,0%,0%,0%
Delve,3-DMQT,3,2,3-DMQT 3-2,3-DMQT III - Moon 2,19%,0%,62%,0%,0%,0%,0%,0%,0%,0%,0%,0%,0%,0%,0%,0%,0%,0%,0%,0%,0%,0%,0%,0%,0%,0%,0%,0%,19%,0%,0%,0%,0%,0%,0%,81%,19%,0%,100%
Delve,3-DMQT,6,1,3-DMQT 6-1,3-DMQT VI - Moon 1,0%,20%,27%,0%,0%,0%,0%,0%,0%,0%,0%,0%,0%,0%,0%,0%,0%,0%,0%,0%,0%,0%,20%,0%,0%,0%,0%,0%,0%,33%,0%,0%,0%,0%,0%,47%,20%,33%,100%
Delve,3-DMQT,8,9,3-DMQT 8-9,3-DMQT VIII - Moon 9,0%,0%,0%,26%,0%,0%,0%,0%,0%,0%,0%,0%,0%,0%,0%,0%,0%,0%,0%,0%,0%,0%,0%,0%,0%,0%,0%,0%,0%,28%,0%,0%,0%,46%,0%,26%,0%,74%,100%
Delve,3-DMQT,8,10,3-DMQT 8-10,3-DMQT VIII - Moon 10,0%,22%,24%,0%,0%,0%,0%,0%,0%,0%,0%,0%,0%,0%,0%,0%,0%,0%,0%,0%,0%,0%,0%,54%,0%,0%,0%,0%,0%,0%,0%,0%,0%,0%,0%,46%,54%,0%,100%
Delve,3-DMQT,9,8,3-DMQT 9-8,3-DMQT IX - Moon 8,0%,0%,31%,0%,0%,0%,8%,0%,0%,0%,0%,0%,0%,20%,0%,0%,0%,0%,0%,0%,0%,0%,0%,0%,0%,0%,0%,0%,42%,0%,0%,0%,0%,0%,0%,59%,42%,0%,101%
Delve,319-3D,8,11,319-3D 8-11,319-3D VIII - Moon 11,0%,0%,0%,0%,0%,0%,0%,0%,0%,0%,0%,0%,0%,0%,0%,0%,0%,0%,0%,0%,0%,0%,0%,0%,0%,0%,0%,0%,0%,0%,0%,0%,0%,0%,0%,0%,0%,0%,0%
Delve,31X-RE,4,3,31X-RE 4-3,31X-RE IV - Moon 3,0%,0%,0%,17%,0%,0%,0%,0%,0%,0%,0%,0%,0%,0%,0%,0%,0%,0%,0%,0%,0%,0%,0%,0%,0%,0%,20%,0%,0%,0%,0%,0%,29%,34%,0%,17%,20%,63%,100%
Delve,31X-RE,5,10,31X-RE 5-10,31X-RE V - Moon 10,0%,0%,0%,0%,17%,0%,0%,0%,11%,0%,0%,0%,0%,0%,0%,0%,0%,0%,0%,0%,0%,0%,0%,0%,46%,0%,0%,0%,0%,0%,0%,26%,0%,0%,0%,28%,46%,26%,100%
Delve,31X-RE,5,17,31X-RE 5-17,31X-RE V - Moon 17,0%,0%,0%,29%,12%,0%,0%,0%,0%,0%,0%,0%,0%,20%,0%,0%,0%,0%,0%,0%,0%,0%,0%,0%,0%,40%,0%,0%,0%,0%,0%,0%,0%,0%,0%,61%,40%,0%,101%
Delve,31X-RE,6,4,31X-RE 6-4,31X-RE VI - Moon 4,0%,17%,0%,17%,45%,0%,0%,0%,0%,0%,0%,0%,0%,0%,0%,0%,0%,0%,0%,0%,0%,21%,0%,0%,0%,0%,0%,0%,0%,0%,0%,0%,0%,0%,0%,79%,21%,0%,100%
Delve,31X-RE,6,10,31X-RE 6-10,31X-RE VI - Moon 10,17%,0%,0%,0%,0%,0%,0%,0%,0%,0%,0%,0%,0%,0%,0%,0%,0%,0%,0%,0%,0%,0%,0%,0%,0%,0%,0%,0%,0%,31%,0%,0%,19%,34%,0%,17%,0%,84%,101%
Delve,4K-TRB,5,5,4K-TRB 5-5,4K-TRB V - Moon 5,0%,58%,0%,0%,0%,0%,0%,0%,0%,0%,0%,0%,0%,0%,0%,0%,0%,0%,0%,0%,17%,0%,0%,0%,0%,0%,0%,0%,0%,0%,0%,25%,0%,0%,0%,58%,17%,25%,100%
Delve,4K-TRB,8,15,4K-TRB 8-15,4K-TRB VIII - Moon 15,0%,35%,18%,0%,0%,0%,0%,0%,0%,0%,0%,0%,0%,0%,0%,0%,0%,0%,0%,0%,0%,0%,0%,0%,0%,17%,0%,0%,0%,31%,0%,0%,0%,0%,0%,53%,17%,31%,101%
Delve,4K-TRB,8,15,4K-TRB 8-15,4K-TRB VIII - Moon 15,0%,35%,18%,0%,0%,0%,0%,0%,0%,0%,0%,0%,0%,0%,0%,0%,0%,0%,0%,0%,0%,0%,0%,0%,0%,17%,0%,0%,0%,31%,0%,0%,0%,0%,0%,53%,17%,31%,101%
Delve,4O-239,4,2,4O-239 4-2,4O-239 IV - Moon 2,0%,0%,0%,22%,0%,0%,0%,0%,0%,0%,0%,0%,0%,0%,0%,0%,0%,0%,0%,0%,0%,0%,0%,0%,0%,0%,0%,0%,0%,27%,0%,0%,19%,0%,32%,22%,0%,78%,100%
Delve,4X0-8B,8,3,4X0-8B 8-3,4X0-8B VIII - Moon 3,0%,0%,0%,0%,0%,0%,0%,0%,0%,44%,0%,0%,0%,0%,0%,0%,0%,0%,0%,0%,19%,0%,0%,0%,0%,0%,0%,0%,0%,17%,0%,0%,20%,0%,0%,44%,19%,37%,100%
Delve,4X0-8B,9,14,4X0-8B 9-14,4X0-8B IX - Moon 14,0%,0%,0%,0%,0%,0%,0%,0%,0%,0%,0%,0%,0%,28%,0%,0%,0%,0%,0%,0%,0%,0%,9%,33%,0%,0%,0%,0%,0%,0%,0%,0%,0%,0%,30%,28%,42%,30%,100%
Delve,4X0-8B,10,2,4X0-8B 10-2,4X0-8B X - Moon 2,0%,0%,50%,0%,0%,0%,0%,0%,0%,0%,0%,0%,0%,0%,0%,0%,0%,0%,0%,0%,0%,0%,0%,17%,0%,0%,0%,0%,0%,0%,0%,0%,0%,0%,33%,50%,17%,33%,100%
Delve,5-CQDA,8,1,5-CQDA 8-1,5-CQDA VIII - Moon 1,0%,0%,31%,0%,12%,0%,0%,0%,0%,0%,0%,0%,0%,21%,0%,0%,0%,0%,0%,0%,0%,0%,0%,0%,0%,0%,0%,36%,0%,0%,0%,0%,0%,0%,0%,64%,36%,0%,100%
Delve,5-CQDA,8,15,5-CQDA 8-15,5-CQDA VIII - Moon 15,0%,32%,22%,0%,0%,0%,0%,0%,0%,0%,0%,0%,0%,0%,0%,0%,0%,0%,0%,0%,0%,0%,0%,0%,0%,0%,0%,0%,0%,0%,0%,0%,0%,0%,46%,54%,0%,46%,100%
Delve,5-CQDA,9,9,5-CQDA 9-9,5-CQDA IX - Moon 9,0%,0%,0%,0%,0%,0%,0%,0%,0%,65%,0%,0%,0%,0%,0%,0%,0%,0%,0%,0%,0%,0%,0%,11%,25%,0%,0%,0%,0%,0%,0%,0%,0%,0%,0%,65%,35%,0%,100%
Delve,5BTK-M,4,1,5BTK-M 4-1,5BTK-M IV - Moon 1,0%,0%,0%,21%,0%,0%,0%,0%,0%,0%,0%,0%,0%,0%,0%,0%,0%,0%,0%,0%,0%,18%,0%,0%,0%,0%,0%,0%,0%,61%,0%,0%,0%,0%,0%,21%,18%,61%,100%
Delve,5BTK-M,5,1,5BTK-M 5-1,5BTK-M V - Moon 1,0%,22%,17%,0%,43%,0%,0%,0%,0%,0%,0%,0%,0%,0%,0%,0%,0%,0%,0%,0%,0%,0%,0%,0%,0%,0%,0%,0%,0%,0%,0%,18%,0%,0%,0%,82%,0%,18%,100%
Delve,5BTK-M,5,3,5BTK-M 5-3,5BTK-M V - Moon 3,0%,22%,0%,0%,0%,0%,0%,0%,0%,0%,0%,0%,0%,0%,0%,0%,0%,0%,0%,0%,0%,0%,0%,0%,0%,32%,0%,0%,0%,0%,0%,0%,24%,0%,21%,22%,32%,45%,99%
Delve,5BTK-M,6,1,5BTK-M 6-1,5BTK-M VI - Moon 1,0%,0%,0%,17%,0%,0%,0%,0%,0%,0%,0%,0%,0%,0%,0%,0%,0%,0%,0%,0%,0%,0%,0%,0%,0%,21%,0%,0%,0%,0%,0%,0%,31%,0%,32%,17%,21%,63%,101%
Delve,6Q-R50,6,6,6Q-R50 6-6,6Q-R50 VI - Moon 6,0%,51%,0%,0%,0%,0%,0%,0%,0%,0%,0%,0%,0%,0%,0%,0%,0%,0%,0%,0%,0%,0%,0%,30%,0%,0%,0%,0%,0%,0%,0%,0%,0%,19%,0%,51%,30%,19%,100%
Delve,6Q-R50,7,4,6Q-R50 7-4,6Q-R50 VII - Moon 4,0%,16%,65%,0%,0%,0%,0%,0%,0%,0%,0%,0%,0%,0%,0%,0%,0%,0%,0%,0%,0%,0%,0%,0%,0%,0%,0%,0%,0%,0%,0%,0%,0%,0%,19%,81%,0%,19%,100%
Delve,6Q-R50,8,4,6Q-R50 8-4,6Q-R50 VIII - Moon 4,0%,0%,8%,0%,0%,0%,0%,0%,0%,0%,0%,0%,0%,19%,0%,0%,0%,0%,0%,0%,0%,0%,0%,0%,0%,0%,0%,0%,0%,73%,0%,0%,0%,0%,0%,27%,0%,73%,100%
Delve,6Q-R50,9,16,6Q-R50 9-16,6Q-R50 IX - Moon 16,0%,38%,0%,0%,17%,0%,0%,0%,11%,0%,0%,0%,0%,0%,0%,0%,0%,0%,0%,0%,0%,0%,0%,0%,0%,0%,0%,0%,0%,0%,0%,0%,0%,0%,33%,67%,0%,33%,100%
Delve,6Z-CKS,7,3,6Z-CKS 7-3,6Z-CKS VII - Moon 3,0%,0%,0%,0%,0%,0%,0%,0%,0%,0%,0%,0%,0%,0%,0%,0%,0%,0%,0%,0%,0%,0%,0%,0%,0%,0%,0%,0%,0%,0%,0%,0%,0%,0%,0%,0%,0%,0%,0%
Delve,7UTB-F,4,10,7UTB-F 4-10,7UTB-F IV - Moon 10,0%,0%,0%,0%,0%,0%,0%,0%,0%,0%,0%,0%,0%,0%,0%,0%,0%,0%,0%,0%,0%,0%,0%,0%,0%,0%,0%,0%,0%,0%,0%,0%,0%,0%,0%,0%,0%,0%,0%
Delve,7UTB-F,5,11,7UTB-F 5-11,7UTB-F V - Moon 11,0%,0%,0%,0%,0%,0%,0%,0%,0%,0%,0%,0%,0%,0%,0%,0%,0%,0%,0%,0%,0%,0%,0%,0%,0%,0%,0%,0%,0%,0%,0%,0%,0%,0%,0%,0%,0%,0%,0%
Delve,8F-TK3,5,1,8F-TK3 5-1,8F-TK3 V - Moon 1,0%,0%,0%,0%,0%,0%,0%,0%,0%,0%,0%,0%,0%,0%,0%,0%,0%,0%,0%,0%,0%,0%,0%,0%,0%,0%,0%,0%,0%,0%,0%,0%,0%,0%,0%,0%,0%,0%,0%
Delve,8WA-Z6,7,6,8WA-Z6 7-6,8WA-Z6 VII - Moon 6,0%,24%,0%,0%,0%,0%,0%,0%,0%,37%,0%,0%,0%,0%,0%,0%,0%,0%,0%,0%,0%,0%,0%,18%,0%,0%,0%,0%,0%,0%,0%,0%,21%,0%,0%,61%,18%,21%,100%
Delve,8WA-Z6,7,7,8WA-Z6 7-7,8WA-Z6 VII - Moon 7,0%,21%,32%,0%,0%,0%,0%,0%,0%,0%,0%,0%,0%,0%,0%,0%,0%,0%,0%,0%,0%,0%,0%,0%,0%,0%,20%,0%,0%,0%,0%,26%,0%,0%,0%,54%,20%,26%,100%
Delve,8WA-Z6,7,15,8WA-Z6 7-15,8WA-Z6 VII - Moon 15,0%,0%,56%,0%,0%,0%,0%,0%,0%,0%,0%,0%,0%,0%,0%,0%,0%,0%,0%,0%,0%,0%,0%,0%,0%,0%,17%,0%,0%,0%,0%,0%,0%,0%,27%,56%,17%,27%,100%
Delve,8WA-Z6,8,8,8WA-Z6 8-8,8WA-Z6 VIII - Moon 8,0%,30%,0%,17%,0%,0%,0%,0%,0%,0%,0%,0%,0%,0%,0%,0%,0%,0%,0%,0%,0%,0%,0%,0%,0%,18%,0%,0%,0%,0%,0%,0%,0%,0%,35%,48%,18%,35%,100%
Delve,8WA-Z6,8,12,8WA-Z6 8-12,8WA-Z6 VIII - Moon 12,0%,19%,25%,0%,0%,0%,0%,0%,0%,0%,0%,0%,0%,0%,0%,0%,0%,0%,0%,0%,0%,0%,21%,0%,0%,0%,0%,0%,0%,0%,0%,35%,0%,0%,0%,44%,21%,35%,100%
Delve,8WA-Z6,8,13,8WA-Z6 8-13,8WA-Z6 VIII - Moon 13,0%,0%,39%,0%,18%,0%,0%,0%,0%,0%,0%,10%,0%,0%,0%,0%,0%,0%,0%,0%,0%,0%,0%,0%,0%,0%,0%,0%,0%,0%,0%,34%,0%,0%,0%,66%,0%,34%,100%
Delve,8WA-Z6,8,16,8WA-Z6 8-16,8WA-Z6 VIII - Moon 16,0%,0%,0%,0%,0%,0%,0%,0%,0%,0%,0%,0%,0%,57%,0%,0%,0%,0%,0%,0%,0%,0%,20%,0%,0%,0%,23%,0%,0%,0%,0%,0%,0%,0%,0%,57%,43%,0%,100%
Delve,8WA-Z6,9,3,8WA-Z6 9-3,8WA-Z6 IX - Moon 3,0%,0%,21%,0%,0%,0%,0%,0%,0%,0%,0%,0%,0%,0%,0%,0%,0%,0%,0%,0%,31%,0%,0%,0%,0%,0%,0%,0%,0%,48%,0%,0%,0%,0%,0%,21%,31%,48%,100%
Delve,8WA-Z6,9,9,8WA-Z6 9-9,8WA-Z6 IX - Moon 9,0%,18%,62%,0%,0%,0%,0%,0%,0%,0%,0%,0%,0%,0%,0%,0%,0%,0%,0%,0%,0%,0%,0%,20%,0%,0%,0%,0%,0%,0%,0%,0%,0%,0%,0%,80%,20%,0%,100%
Delve,8WA-Z6,9,15,8WA-Z6 9-15,8WA-Z6 IX - Moon 15,0%,0%,0%,0%,20%,0%,0%,0%,0%,0%,11%,0%,0%,0%,0%,0%,0%,0%,0%,0%,0%,0%,0%,0%,0%,0%,0%,0%,0%,0%,0%,44%,25%,0%,0%,31%,0%,69%,100%
Delve,8WA-Z6,9,18,8WA-Z6 9-18,8WA-Z6 IX - Moon 18,0%,20%,30%,0%,0%,0%,0%,0%,0%,0%,0%,0%,0%,0%,0%,0%,0%,0%,0%,0%,0%,0%,0%,0%,0%,0%,0%,0%,0%,0%,0%,23%,0%,27%,0%,51%,0%,49%,100%
Delve,8WA-Z6,9,22,8WA-Z6 9-22,8WA-Z6 IX - Moon 22,0%,0%,0%,0%,0%,0%,0%,0%,0%,0%,44%,0%,0%,0%,0%,0%,0%,0%,0%,0%,0%,0%,0%,0%,0%,0%,0%,0%,17%,18%,0%,0%,21%,0%,0%,44%,17%,39%,100%
Delve,C6Y-ZF,7,15,C6Y-ZF 7-15,C6Y-ZF VII - Moon 15,0%,0%,0%,0%,0%,0%,0%,0%,0%,0%,0%,0%,0%,0%,0%,0%,0%,0%,0%,0%,0%,0%,0%,0%,0%,0%,0%,0%,0%,0%,0%,0%,0%,0%,0%,0%,0%,0%,0%
Delve,CX8-6K,9,3,CX8-6K 9-3,CX8-6K IX - Moon 3,0%,0%,0%,0%,0%,0%,0%,0%,0%,0%,0%,0%,0%,0%,0%,0%,0%,0%,0%,0%,0%,0%,0%,0%,0%,0%,0%,0%,0%,0%,0%,0%,0%,0%,0%,0%,0%,0%,0%
Delve,CX8-6K,10,13,CX8-6K 10-13,CX8-6K X - Moon 13,0%,0%,0%,0%,0%,0%,0%,0%,0%,0%,0%,0%,0%,0%,0%,0%,0%,0%,0%,0%,0%,0%,0%,0%,0%,0%,0%,0%,0%,0%,0%,0%,0%,0%,0%,0%,0%,0%,0%
Delve,D-3GIQ,10,5,D-3GIQ 10-5,D-3GIQ X - Moon 5,21%,0%,60%,0%,0%,0%,0%,0%,0%,0%,0%,0%,0%,0%,0%,0%,0%,0%,0%,0%,0%,0%,0%,0%,0%,0%,0%,0%,0%,0%,0%,0%,0%,0%,19%,81%,0%,19%,100%
Delve,D-W7F0,6,20,D-W7F0 6-20,D-W7F0 VI - Moon 20,0%,0%,0%,0%,0%,0%,0%,0%,0%,0%,0%,0%,0%,18%,0%,0%,0%,0%,33%,26%,0%,0%,0%,0%,0%,23%,0%,0%,0%,0%,0%,0%,0%,0%,0%,77%,23%,0%,100%
Delve,E3OI-U,3,2,E3OI-U 3-2,E3OI-U III - Moon 2,0%,0%,0%,0%,0%,0%,0%,0%,31%,32%,0%,0%,0%,0%,0%,0%,0%,0%,0%,0%,0%,0%,0%,0%,0%,0%,0%,0%,0%,0%,0%,0%,0%,0%,37%,63%,0%,37%,100%
Delve,E3OI-U,3,7,E3OI-U 3-7,E3OI-U III - Moon 7,0%,0%,46%,0%,0%,0%,0%,0%,0%,0%,0%,0%,0%,0%,0%,0%,0%,0%,0%,0%,0%,0%,0%,0%,0%,0%,0%,0%,0%,0%,0%,0%,0%,22%,31%,46%,0%,53%,99%
Delve,E3OI-U,3,13,E3OI-U 3-13,E3OI-U III - Moon 13,0%,0%,0%,17%,0%,0%,0%,0%,0%,0%,0%,0%,0%,0%,0%,0%,0%,18%,0%,0%,0%,0%,0%,0%,0%,0%,0%,0%,0%,54%,0%,0%,0%,10%,0%,35%,0%,64%,99%
Delve,E3OI-U,4,14,E3OI-U 4-14,E3OI-U IV - Moon 14,0%,0%,0%,0%,0%,0%,0%,0%,0%,0%,0%,30%,0%,28%,0%,0%,0%,0%,0%,0%,0%,0%,0%,11%,31%,0%,0%,0%,0%,0%,0%,0%,0%,0%,0%,58%,42%,0%,100%
Delve,E3OI-U,5,1,E3OI-U 5-1,E3OI-U V - Moon 1,0%,32%,19%,0%,0%,0%,0%,0%,0%,0%,0%,0%,0%,0%,0%,0%,0%,0%,0%,0%,0%,0%,0%,0%,0%,0%,0%,21%,0%,27%,0%,0%,0%,0%,0%,51%,21%,27%,99%
Delve,F-9PXR,4,4,F-9PXR 4-4,F-9PXR IV - Moon 4,0%,0%,0%,0%,0%,0%,0%,0%,0%,35%,0%,0%,0%,0%,0%,0%,0%,0%,0%,0%,0%,0%,0%,0%,20%,0%,0%,0%,0%,22%,0%,0%,0%,0%,23%,35%,20%,45%,100%
Delve,F-9PXR,4,7,F-9PXR 4-7,F-9PXR IV - Moon 7,0%,0%,0%,0%,0%,0%,0%,0%,0%,0%,0%,0%,0%,32%,0%,0%,0%,0%,0%,0%,0%,0%,0%,60%,0%,0%,0%,0%,0%,9%,0%,0%,0%,0%,0%,32%,60%,9%,101%
Delve,F-TE1T,9,2,F-TE1T 9-2,F-TE1T IX - Moon 2,0%,0%,0%,0%,0%,0%,0%,0%,0%,0%,0%,0%,0%,0%,0%,0%,0%,0%,0%,0%,0%,0%,0%,0%,0%,0%,0%,0%,0%,0%,0%,0%,0%,0%,0%,0%,0%,0%,0%
Delve,FM-JK5,5,1,FM-JK5 5-1,FM-JK5 V - Moon 1,0%,0%,0%,0%,0%,0%,0%,0%,30%,60%,0%,0%,0%,0%,0%,0%,0%,0%,0%,0%,0%,10%,0%,0%,0%,0%,0%,0%,0%,0%,0%,0%,0%,0%,0%,90%,10%,0%,100%
Delve,FM-JK5,9,10,FM-JK5 9-10,FM-JK5 IX - Moon 10,0%,0%,0%,0%,21%,0%,0%,0%,0%,10%,0%,0%,0%,0%,0%,0%,0%,0%,0%,0%,0%,0%,0%,0%,0%,0%,0%,0%,0%,26%,0%,0%,0%,0%,44%,30%,0%,70%,100%
Delve,FM-JK5,9,11,FM-JK5 9-11,FM-JK5 IX - Moon 11,0%,45%,0%,0%,0%,0%,0%,0%,0%,0%,0%,0%,0%,0%,0%,0%,0%,0%,0%,0%,0%,0%,0%,0%,0%,0%,0%,0%,0%,55%,0%,0%,0%,0%,0%,45%,0%,55%,100%
Delve,GY6A-L,4,4,GY6A-L 4-4,GY6A-L IV - Moon 4,0%,0%,0%,0%,0%,0%,0%,0%,0%,0%,0%,0%,0%,0%,0%,0%,0%,0%,0%,0%,0%,0%,0%,0%,0%,0%,0%,0%,0%,0%,0%,0%,0%,0%,0%,0%,0%,0%,0%
Delve,HM-XR2,5,3,HM-XR2 5-3,HM-XR2 V - Moon 3,0%,0%,0%,19%,9%,0%,0%,0%,0%,0%,0%,0%,0%,0%,0%,0%,22%,0%,0%,0%,0%,0%,0%,0%,50%,0%,0%,0%,0%,0%,0%,0%,0%,0%,0%,50%,50%,0%,100%
Delve,HM-XR2,7,2,HM-XR2 7-2,HM-XR2 VII - Moon 2,0%,0%,0%,0%,0%,0%,0%,0%,0%,0%,0%,33%,0%,0%,0%,0%,0%,20%,23%,0%,0%,0%,0%,0%,0%,25%,0%,0%,0%,0%,0%,0%,0%,0%,0%,76%,25%,0%,101%
Delve,HZAQ-W,5,1,HZAQ-W 5-1,HZAQ-W V - Moon 1,0%,19%,0%,0%,0%,0%,0%,0%,0%,0%,0%,43%,0%,0%,0%,0%,0%,0%,0%,0%,0%,0%,0%,0%,0%,0%,0%,21%,0%,0%,0%,0%,0%,17%,0%,62%,21%,17%,100%
Delve,HZAQ-W,7,4,HZAQ-W 7-4,HZAQ-W VII - Moon 4,0%,22%,29%,0%,0%,0%,0%,0%,0%,0%,0%,0%,0%,0%,0%,0%,0%,0%,0%,0%,0%,0%,0%,0%,0%,29%,0%,0%,0%,0%,0%,20%,0%,0%,0%,51%,29%,20%,100%
Delve,HZAQ-W,7,12,HZAQ-W 7-12,HZAQ-W VII - Moon 12,0%,0%,23%,0%,0%,0%,0%,0%,0%,0%,0%,0%,0%,0%,0%,0%,0%,0%,0%,0%,0%,0%,0%,30%,0%,0%,0%,0%,0%,20%,0%,0%,0%,0%,27%,23%,30%,47%,100%
Delve,HZAQ-W,7,14,HZAQ-W 7-14,HZAQ-W VII - Moon 14,0%,0%,0%,0%,0%,0%,0%,0%,0%,0%,22%,0%,0%,0%,0%,0%,41%,0%,0%,0%,0%,0%,0%,0%,0%,0%,0%,0%,21%,0%,0%,16%,0%,0%,0%,63%,21%,16%,100%
Delve,HZAQ-W,8,11,HZAQ-W 8-11,HZAQ-W VIII - Moon 11,0%,21%,33%,0%,0%,0%,0%,0%,0%,0%,0%,0%,0%,0%,0%,0%,0%,0%,0%,0%,29%,0%,0%,0%,0%,0%,0%,0%,0%,0%,0%,17%,0%,0%,0%,54%,29%,17%,100%
Delve,HZAQ-W,10,1,HZAQ-W 10-1,HZAQ-W X - Moon 1,0%,0%,51%,0%,0%,0%,0%,0%,0%,0%,0%,0%,0%,0%,0%,0%,0%,0%,0%,0%,0%,0%,29%,0%,0%,0%,0%,0%,0%,0%,0%,0%,0%,0%,20%,51%,29%,20%,100%
Delve,HZAQ-W,10,8,HZAQ-W 10-8,HZAQ-W X - Moon 8,32%,8%,0%,0%,0%,0%,0%,0%,0%,41%,0%,0%,0%,19%,0%,0%,0%,0%,0%,0%,0%,0%,0%,0%,0%,0%,0%,0%,0%,0%,0%,0%,0%,0%,0%,100%,0%,0%,100%
Delve,HZAQ-W,10,9,HZAQ-W 10-9,HZAQ-W X - Moon 9,0%,0%,48%,0%,0%,0%,0%,0%,0%,0%,0%,0%,0%,0%,0%,0%,0%,0%,0%,0%,32%,0%,0%,0%,0%,0%,0%,0%,0%,0%,0%,21%,0%,0%,0%,48%,32%,21%,101%
Delve,HZAQ-W,10,10,HZAQ-W 10-10,HZAQ-W X - Moon 10,0%,21%,32%,0%,0%,0%,0%,0%,0%,0%,0%,0%,0%,0%,0%,0%,0%,0%,0%,0%,0%,0%,0%,0%,28%,0%,0%,0%,0%,0%,0%,0%,0%,0%,19%,53%,28%,19%,100%
Delve,HZAQ-W,10,15,HZAQ-W 10-15,HZAQ-W X - Moon 15,0%,30%,18%,0%,0%,0%,0%,0%,0%,0%,0%,0%,0%,0%,0%,0%,0%,0%,0%,0%,0%,0%,20%,0%,0%,0%,0%,31%,0%,0%,0%,0%,0%,0%,0%,48%,51%,0%,99%
Delve,I-E3TG,5,5,I-E3TG 5-5,I-E3TG V - Moon 5,0%,0%,0%,0%,0%,0%,0%,0%,0%,0%,0%,0%,0%,0%,0%,0%,0%,0%,0%,0%,0%,0%,0%,0%,0%,0%,0%,0%,0%,0%,0%,0%,0%,0%,0%,0%,0%,0%,0%
Delve,I-E3TG,6,1,I-E3TG 6-1,I-E3TG VI - Moon 1,0%,0%,0%,0%,0%,0%,0%,0%,0%,0%,0%,0%,0%,0%,0%,0%,0%,0%,0%,0%,0%,0%,0%,0%,0%,0%,0%,0%,0%,0%,0%,0%,0%,0%,0%,0%,0%,0%,0%
Delve,I-E3TG,8,16,I-E3TG 8-16,I-E3TG VIII - Moon 16,0%,0%,0%,0%,0%,0%,0%,0%,0%,0%,0%,0%,0%,0%,0%,0%,0%,0%,0%,0%,0%,0%,0%,0%,0%,0%,0%,0%,0%,0%,0%,0%,0%,0%,0%,0%,0%,0%,0%
Delve,IP6V-X,5,1,IP6V-X 5-1,IP6V-X V - Moon 1,0%,0%,0%,0%,0%,0%,0%,0%,33%,31%,0%,0%,0%,0%,0%,0%,0%,0%,0%,0%,0%,0%,0%,24%,0%,0%,0%,0%,0%,0%,0%,11%,0%,0%,0%,64%,24%,11%,99%
Delve,J-LPX7,3,1,J-LPX7 3-1,J-LPX7 III - Moon 1,0%,0%,0%,16%,0%,0%,0%,0%,0%,0%,0%,0%,0%,0%,0%,0%,0%,0%,0%,0%,0%,0%,0%,25%,0%,0%,0%,0%,0%,0%,0%,0%,0%,59%,0%,16%,25%,59%,100%
Delve,J-LPX7,4,2,J-LPX7 4-2,J-LPX7 IV - Moon 2,0%,27%,0%,24%,29%,0%,0%,0%,0%,0%,0%,0%,F-9PXR,0%,0%,0%,0%,0%,0%,0%,19%,0%,0%,0%,0%,0%,0%,0%,0%,0%,0%,0%,0%,0%,0%,80%,19%,0%,99%
Delve,J-LPX7,4,4,J-LPX7 4-4,J-LPX7 IV - Moon 4,0%,0%,0%,23%,35%,0%,0%,21%,0%,0%,0%,0%,0%,0%,0%,0%,0%,0%,0%,0%,0%,0%,0%,0%,0%,0%,0%,0%,0%,0%,0%,0%,0%,0%,21%,79%,0%,21%,100%
Delve,J-LPX7,4,6,J-LPX7 4-6,J-LPX7 IV - Moon 6,0%,0%,0%,0%,19%,0%,0%,0%,0%,0%,0%,10%,0%,0%,0%,0%,0%,0%,0%,0%,0%,0%,0%,0%,0%,0%,0%,38%,33%,0%,0%,0%,0%,0%,0%,29%,71%,0%,100%
Delve,J-LPX7,4,13,J-LPX7 4-13,J-LPX7 IV - Moon 13,0%,0%,0%,24%,0%,0%,0%,0%,0%,0%,0%,0%,0%,0%,0%,0%,0%,0%,0%,0%,0%,27%,0%,0%,0%,0%,0%,0%,0%,0%,0%,17%,0%,0%,32%,24%,27%,49%,100%
Delve,J-LPX7,4,14,J-LPX7 4-14,J-LPX7 IV - Moon 14,0%,0%,0%,0%,17%,0%,0%,0%,10%,0%,0%,0%,0%,0%,0%,0%,0%,0%,0%,0%,0%,0%,40%,0%,0%,0%,0%,0%,0%,0%,33%,0%,0%,0%,0%,27%,40%,33%,100%
Delve,J-LPX7,4,17,J-LPX7 4-17,J-LPX7 IV - Moon 17,18%,0%,0%,0%,0%,0%,0%,0%,0%,0%,0%,0%,0%,0%,0%,0%,0%,0%,0%,0%,0%,32%,0%,0%,0%,0%,0%,0%,0%,0%,0%,0%,0%,21%,30%,18%,32%,51%,101%
Delve,J-LPX7,4,18,J-LPX7 4-18,J-LPX7 IV - Moon 18,0%,0%,22%,0%,0%,0%,0%,0%,0%,0%,0%,0%,0%,0%,0%,0%,0%,0%,0%,0%,0%,0%,0%,20%,0%,0%,0%,0%,0%,0%,0%,0%,0%,32%,25%,22%,20%,57%,99%
Delve,J-LPX7,4,20,J-LPX7 4-20,J-LPX7 IV - Moon 20,22%,0%,0%,0%,0%,0%,0%,0%,0%,0%,0%,0%,0%,0%,0%,0%,0%,0%,0%,0%,0%,0%,16%,0%,0%,0%,0%,0%,0%,0%,0%,0%,0%,34%,28%,22%,16%,62%,100%
Delve,J-LPX7,4,22,J-LPX7 4-22,J-LPX7 IV - Moon 22,21%,0%,0%,0%,0%,0%,0%,0%,0%,0%,0%,0%,0%,0%,0%,0%,0%,0%,0%,0%,0%,0%,0%,0%,0%,24%,0%,0%,0%,0%,0%,27%,0%,0%,29%,21%,24%,56%,101%
Delve,J-LPX7,4,23,J-LPX7 4-23,J-LPX7 IV - Moon 23,0%,24%,0%,26%,0%,0%,0%,0%,0%,0%,0%,0%,0%,0%,0%,0%,0%,0%,0%,0%,0%,0%,0%,0%,0%,0%,0%,0%,0%,50%,0%,0%,0%,0%,0%,50%,0%,50%,100%
Delve,J-LPX7,5,1,J-LPX7 5-1,J-LPX7 V - Moon 1,0%,49%,0%,0%,0%,0%,0%,0%,0%,0%,0%,0%,0%,0%,0%,0%,0%,0%,0%,0%,0%,0%,0%,0%,0%,0%,0%,0%,0%,0%,0%,0%,0%,0%,51%,49%,0%,51%,100%
Delve,J-LPX7,5,2,J-LPX7 5-2,J-LPX7 V - Moon 2,0%,0%,0%,0%,35%,0%,0%,0%,0%,0%,0%,0%,0%,0%,0%,0%,0%,0%,0%,0%,0%,0%,0%,0%,0%,22%,24%,0%,0%,0%,0%,18%,0%,0%,0%,35%,46%,18%,99%
Delve,J-LPX7,5,5,J-LPX7 5-5,J-LPX7 V - Moon 5,0%,0%,0%,23%,0%,0%,0%,0%,0%,0%,0%,0%,0%,0%,0%,0%,0%,0%,0%,0%,0%,0%,0%,0%,0%,27%,0%,0%,0%,20%,0%,0%,0%,30%,0%,23%,27%,50%,100%
Delve,J-LPX7,5,7,J-LPX7 5-7,J-LPX7 V - Moon 7,0%,0%,0%,20%,36%,22%,0%,0%,0%,0%,0%,0%,0%,0%,0%,0%,0%,0%,0%,0%,0%,0%,0%,0%,0%,0%,0%,0%,0%,0%,0%,0%,0%,0%,23%,78%,0%,23%,101%
Delve,J-LPX7,5,9,J-LPX7 5-9,J-LPX7 V - Moon 9,0%,8%,0%,0%,0%,0%,0%,0%,0%,0%,0%,0%,0%,16%,0%,0%,0%,0%,0%,0%,0%,0%,0%,0%,0%,33%,0%,0%,43%,0%,0%,0%,0%,0%,0%,24%,76%,0%,100%
Delve,J-LPX7,6,2,J-LPX7 6-2,J-LPX7 VI - Moon 2,0%,0%,22%,0%,0%,0%,0%,0%,0%,0%,0%,39%,0%,0%,0%,0%,0%,0%,0%,0%,0%,0%,0%,19%,0%,0%,20%,0%,0%,0%,0%,0%,0%,0%,0%,61%,39%,0%,100%
Delve,J-LPX7,6,4,J-LPX7 6-4,J-LPX7 VI - Moon 4,19%,0%,19%,0%,42%,0%,0%,0%,0%,0%,0%,0%,0%,0%,0%,0%,0%,0%,0%,0%,0%,0%,0%,0%,0%,0%,21%,0%,0%,0%,0%,0%,0%,0%,0%,80%,21%,0%,101%
Delve,J-LPX7,6,9,J-LPX7 6-9,J-LPX7 VI - Moon 9,17%,0%,0%,0%,42%,0%,0%,20%,0%,0%,0%,0%,0%,0%,0%,0%,0%,0%,0%,0%,0%,0%,0%,0%,0%,0%,21%,0%,0%,0%,0%,0%,0%,0%,0%,79%,21%,0%,100%
Delve,J-LPX7,6,16,J-LPX7 6-16,J-LPX7 VI - Moon 16,0%,0%,0%,50%,0%,0%,0%,0%,0%,0%,0%,0%,0%,0%,0%,0%,0%,0%,0%,0%,0%,0%,0%,0%,0%,0%,0%,0%,0%,0%,0%,0%,0%,24%,26%,50%,0%,50%,100%
Delve,J-LPX7,6,17,J-LPX7 6-17,J-LPX7 VI - Moon 17,0%,22%,0%,0%,24%,0%,0%,0%,0%,0%,0%,0%,0%,0%,0%,0%,0%,0%,0%,0%,0%,0%,0%,27%,0%,0%,0%,0%,0%,26%,0%,0%,0%,0%,0%,46%,27%,26%,99%
Delve,J-LPX7,7,11,J-LPX7 7-11,J-LPX7 VII - Moon 11,0%,0%,0%,0%,17%,0%,0%,0%,0%,0%,9%,0%,0%,0%,0%,0%,0%,0%,0%,0%,0%,0%,0%,0%,43%,0%,0%,0%,0%,0%,0%,0%,0%,0%,31%,26%,43%,31%,100%
Delve,J-LPX7,7,19,J-LPX7 7-19,J-LPX7 VII - Moon 19,0%,0%,0%,0%,0%,0%,0%,0%,0%,37%,0%,0%,0%,0%,0%,0%,0%,0%,0%,0%,0%,0%,0%,0%,0%,0%,28%,0%,0%,0%,0%,0%,26%,0%,9%,37%,28%,35%,100%
Delve,J-LPX7,8,2,J-LPX7 8-2,J-LPX7 VIII - Moon 2,20%,0%,0%,0%,0%,0%,0%,0%,0%,0%,0%,0%,0%,0%,0%,0%,0%,0%,0%,0%,0%,0%,0%,24%,0%,0%,0%,32%,0%,0%,0%,0%,0%,24%,0%,20%,56%,24%,100%
Delve,J-LPX7,9,18,J-LPX7 9-18,J-LPX7 IX - Moon 18,0%,0%,0%,23%,0%,0%,0%,0%,0%,0%,0%,0%,0%,0%,0%,0%,0%,0%,0%,0%,0%,0%,0%,0%,0%,0%,30%,0%,0%,19%,0%,0%,0%,0%,27%,23%,30%,46%,99%
Delve,JP4-AA,5,3,JP4-AA 5-3,JP4-AA V - Moon 3,0%,0%,23%,0%,0%,0%,0%,0%,0%,0%,0%,0%,0%,0%,0%,0%,0%,0%,0%,0%,0%,0%,0%,0%,0%,0%,0%,0%,0%,0%,0%,0%,0%,46%,31%,23%,0%,77%,100%
Delve,K-6K16,9,15,K-6K16 9-15,K-6K16 IX - Moon 15,0%,0%,0%,0%,20%,0%,0%,0%,0%,12%,0%,0%,0%,0%,0%,0%,0%,0%,0%,0%,0%,0%,0%,0%,0%,30%,0%,0%,0%,0%,0%,38%,0%,0%,0%,32%,30%,38%,100%
Delve,K-6K16,11,1,K-6K16 11-1,K-6K16 XI - Moon 1,0%,0%,0%,0%,18%,0%,0%,0%,0%,0%,0%,9%,0%,0%,0%,0%,0%,0%,0%,0%,0%,0%,0%,0%,0%,0%,0%,0%,0%,40%,0%,0%,0%,0%,33%,27%,0%,73%,100%
Delve,K-6K16,11,17,K-6K16 11-17,K-6K16 XI - Moon 17,0%,0%,0%,0%,0%,0%,0%,0%,0%,0%,0%,0%,0%,0%,0%,0%,20%,0%,0%,21%,0%,0%,0%,0%,0%,0%,0%,0%,0%,0%,0%,31%,0%,0%,28%,41%,0%,59%,100%
Delve,KBAK-I,4,7,KBAK-I 4-7,KBAK-I IV - Moon 7,0%,0%,0%,0%,0%,0%,0%,0%,0%,0%,0%,0%,0%,0%,0%,0%,0%,0%,0%,0%,0%,0%,0%,0%,0%,0%,0%,0%,0%,0%,0%,0%,0%,0%,0%,0%,0%,0%,0%
Delve,LUA5-L,5,21,LUA5-L 5-21,LUA5-L V - Moon 21,0%,0%,0%,0%,0%,0%,9%,0%,0%,0%,0%,0%,0%,25%,0%,0%,0%,0%,0%,0%,0%,0%,0%,0%,0%,36%,29%,0%,0%,0%,0%,0%,0%,0%,0%,34%,65%,0%,99%
Delve,M-SRKS,5,1,M-SRKS 5-1,M-SRKS V - Moon 1,0%,0%,0%,0%,0%,0%,0%,0%,0%,0%,0%,0%,0%,0%,0%,0%,0%,0%,0%,0%,0%,0%,0%,0%,0%,0%,0%,0%,0%,0%,0%,0%,0%,0%,0%,0%,0%,0%,0%
Delve,M-SRKS,7,1,M-SRKS 7-1,M-SRKS VII - Moon 1,0%,0%,0%,0%,0%,0%,0%,0%,0%,0%,0%,0%,0%,0%,0%,0%,0%,0%,0%,0%,0%,0%,0%,0%,0%,0%,0%,0%,0%,0%,0%,0%,0%,0%,0%,0%,0%,0%,0%
Delve,M-SRKS,8,1,M-SRKS 8-1,M-SRKS VIII - Moon 1,0%,0%,0%,0%,0%,0%,0%,0%,0%,0%,0%,0%,0%,0%,0%,0%,0%,0%,0%,0%,0%,0%,0%,0%,0%,0%,0%,0%,0%,0%,0%,0%,0%,0%,0%,0%,0%,0%,0%
Delve,M2-XFE,7,2,M2-XFE 7-2,M2-XFE VII - Moon 2,0%,0%,0%,0%,0%,0%,0%,0%,0%,42%,0%,0%,0%,0%,0%,0%,0%,0%,0%,0%,0%,0%,0%,17%,0%,0%,0%,0%,0%,0%,0%,0%,0%,21%,19%,42%,17%,41%,100%
Delve,M5-CGW,6,7,M5-CGW 6-7,M5-CGW VI - Moon 7,0%,0%,0%,0%,0%,0%,0%,0%,0%,0%,0%,0%,0%,0%,0%,0%,0%,0%,0%,0%,0%,0%,0%,0%,0%,0%,0%,0%,0%,0%,0%,0%,0%,0%,0%,0%,0%,0%,0%
Delve,M5-CGW,6,10,M5-CGW 6-10,M5-CGW VI - Moon 10,0%,0%,0%,0%,0%,0%,0%,0%,0%,0%,0%,0%,0%,0%,0%,0%,0%,0%,0%,0%,0%,0%,0%,0%,0%,0%,0%,0%,0%,0%,0%,0%,0%,0%,0%,0%,0%,0%,0%
Delve,MJXW-P,2,1,MJXW-P 2-1,MJXW-P II - Moon 1,0%,0%,0%,0%,0%,0%,0%,0%,0%,0%,0%,0%,0%,0%,0%,0%,0%,0%,0%,0%,0%,0%,0%,0%,0%,0%,0%,0%,0%,0%,0%,0%,0%,0%,0%,0%,0%,0%,0%
Delve,MJXW-P,3,10,MJXW-P 3-10,MJXW-P III - Moon 10,0%,0%,0%,0%,0%,0%,0%,0%,0%,0%,0%,0%,0%,0%,0%,0%,0%,0%,0%,0%,0%,0%,0%,0%,0%,0%,0%,0%,0%,0%,0%,0%,0%,0%,0%,0%,0%,0%,0%
Delve,MJXW-P,4,2,MJXW-P 4-2,MJXW-P IV - Moon 2,0%,0%,0%,0%,0%,0%,0%,0%,0%,0%,0%,0%,0%,0%,0%,0%,0%,0%,0%,0%,0%,0%,0%,0%,0%,0%,0%,0%,0%,0%,0%,0%,0%,0%,0%,0%,0%,0%,0%
Delve,MJXW-P,5,6,MJXW-P 5-6,MJXW-P V - Moon 6,0%,0%,0%,0%,0%,0%,0%,0%,0%,0%,0%,0%,0%,0%,0%,0%,0%,0%,0%,0%,0%,0%,0%,0%,0%,0%,0%,0%,0%,0%,0%,0%,0%,0%,0%,0%,0%,0%,0%
Delve,MJXW-P,5,12,MJXW-P 5-12,MJXW-P V - Moon 12,0%,0%,0%,0%,0%,0%,0%,0%,0%,0%,0%,0%,0%,0%,0%,0%,0%,0%,0%,0%,0%,0%,0%,0%,0%,0%,0%,0%,0%,0%,0%,0%,0%,0%,0%,0%,0%,0%,0%
Delve,MJXW-P,5,15,MJXW-P 5-15,MJXW-P V - Moon 15,0%,0%,0%,0%,0%,0%,0%,0%,0%,0%,0%,0%,0%,0%,0%,0%,0%,0%,0%,0%,0%,0%,0%,0%,0%,0%,0%,0%,0%,0%,0%,0%,0%,0%,0%,0%,0%,0%,0%
Delve,MO-GZ5,6,1,MO-GZ5 6-1,MO-GZ5 VI - Moon 1,0%,32%,0%,18%,0%,0%,0%,0%,0%,0%,0%,0%,0%,0%,0%,0%,0%,0%,0%,0%,0%,0%,0%,0%,0%,0%,0%,0%,0%,0%,0%,0%,0%,0%,51%,50%,0%,51%,101%
Delve,N-8YET,6,1,N-8YET 6-1,N-8YET VI - Moon 1,0%,0%,51%,0%,0%,0%,0%,0%,0%,0%,0%,0%,0%,0%,0%,0%,0%,0%,0%,0%,0%,0%,0%,0%,0%,0%,0%,0%,0%,0%,0%,33%,0%,16%,0%,51%,0%,49%,100%
Delve,N-8YET,7,10,N-8YET 7-10,N-8YET VII - Moon 10,21%,0%,0%,0%,0%,0%,0%,0%,0%,0%,0%,0%,0%,0%,0%,0%,0%,0%,0%,0%,0%,0%,0%,0%,0%,0%,20%,0%,0%,31%,0%,0%,0%,0%,28%,21%,20%,59%,100%
Delve,N-8YET,7,12,N-8YET 7-12,N-8YET VII - Moon 12,0%,0%,0%,0%,0%,0%,0%,9%,0%,0%,0%,0%,0%,22%,0%,0%,0%,0%,0%,0%,0%,0%,0%,0%,0%,37%,0%,0%,0%,0%,0%,0%,33%,0%,0%,31%,37%,33%,100%
Delve,N-8YET,7,15,N-8YET 7-15,N-8YET VII - Moon 15,0%,0%,47%,0%,37%,0%,0%,0%,0%,0%,0%,0%,0%,0%,0%,0%,0%,0%,0%,0%,0%,0%,0%,0%,0%,17%,0%,0%,0%,0%,0%,0%,0%,0%,0%,84%,17%,0%,101%
Delve,N-8YET,7,16,N-8YET 7-16,N-8YET VII - Moon 16,0%,33%,17%,0%,0%,0%,0%,0%,0%,0%,0%,0%,0%,0%,0%,0%,0%,0%,0%,0%,0%,0%,0%,0%,0%,0%,0%,31%,0%,0%,0%,0%,19%,0%,0%,50%,31%,19%,100%
Delve,N-8YET,7,18,N-8YET 7-18,N-8YET VII - Moon 18,0%,0%,0%,0%,0%,0%,0%,0%,26%,0%,30%,0%,0%,0%,0%,0%,0%,0%,0%,0%,0%,0%,10%,0%,33%,0%,0%,0%,0%,0%,0%,0%,0%,0%,0%,56%,43%,0%,99%
Delve,N-8YET,8,4,N-8YET 8-4,N-8YET VIII - Moon 4,0%,0%,0%,0%,0%,0%,0%,0%,36%,27%,29%,0%,0%,0%,0%,0%,0%,0%,0%,0%,8%,0%,0%,0%,0%,0%,0%,0%,0%,0%,0%,0%,0%,0%,0%,92%,8%,0%,100%
Delve,N-8YET,8,14,N-8YET 8-14,N-8YET VIII - Moon 14,0%,0%,45%,0%,0%,0%,0%,0%,0%,0%,0%,0%,0%,0%,0%,0%,0%,0%,0%,0%,21%,0%,0%,0%,0%,0%,0%,0%,0%,0%,0%,0%,0%,34%,0%,45%,21%,34%,100%
Delve,N-8YET,9,4,N-8YET 9-4,N-8YET IX - Moon 4,0%,55%,0%,0%,0%,0%,0%,0%,0%,0%,0%,0%,0%,0%,0%,0%,0%,0%,0%,0%,0%,0%,0%,0%,0%,0%,0%,0%,0%,0%,0%,0%,45%,0%,0%,55%,0%,45%,100%
Delve,N-8YET,9,14,N-8YET 9-14,N-8YET IX - Moon 14,0%,0%,0%,0%,0%,0%,0%,0%,0%,0%,28%,0%,0%,0%,0%,0%,0%,0%,0%,0%,0%,0%,0%,0%,31%,0%,32%,8%,0%,0%,0%,0%,0%,0%,0%,28%,71%,0%,99%
Delve,N-8YET,9,20,N-8YET 9-20,N-8YET IX - Moon 20,0%,0%,0%,0%,0%,0%,0%,0%,52%,0%,0%,0%,0%,0%,0%,0%,0%,0%,0%,0%,0%,0%,0%,0%,0%,0%,0%,0%,38%,10%,0%,0%,0%,0%,0%,52%,38%,10%,100%
Delve,N-8YET,10,1,N-8YET 10-1,N-8YET X - Moon 1,0%,22%,21%,0%,35%,0%,0%,0%,0%,0%,0%,0%,0%,0%,0%,0%,0%,0%,0%,0%,0%,0%,0%,23%,0%,0%,0%,0%,0%,0%,0%,0%,0%,0%,0%,77%,23%,0%,100%
Delve,N-8YET,10,2,N-8YET 10-2,N-8YET X - Moon 2,0%,0%,51%,28%,0%,0%,0%,0%,0%,0%,0%,0%,0%,0%,0%,0%,0%,0%,0%,0%,0%,0%,0%,0%,0%,0%,0%,0%,0%,21%,0%,0%,0%,0%,0%,79%,0%,21%,100%
Delve,N8D9-Z,4,12,N8D9-Z 4-12,N8D9-Z IV - Moon 12,0%,0%,0%,0%,0%,0%,0%,0%,0%,0%,0%,0%,0%,0%,0%,0%,0%,0%,0%,0%,0%,0%,0%,0%,0%,0%,0%,0%,0%,0%,0%,0%,0%,0%,0%,0%,0%,0%,0%
Delve,N8D9-Z,5,5,N8D9-Z 5-5,N8D9-Z V - Moon 5,0%,0%,0%,0%,0%,0%,0%,0%,0%,0%,0%,0%,0%,0%,0%,0%,0%,0%,0%,0%,0%,0%,0%,0%,0%,0%,0%,0%,0%,0%,0%,0%,0%,0%,0%,0%,0%,0%,0%
Delve,N8D9-Z,6,3,N8D9-Z 6-3,N8D9-Z VI - Moon 3,0%,0%,0%,0%,0%,0%,0%,0%,0%,0%,0%,0%,0%,0%,0%,0%,0%,0%,0%,0%,0%,0%,0%,0%,0%,0%,0%,0%,0%,0%,0%,0%,0%,0%,0%,0%,0%,0%,0%
Delve,N8D9-Z,7,7,N8D9-Z 7-7,N8D9-Z VII - Moon 7,0%,0%,0%,0%,0%,0%,0%,0%,0%,0%,0%,0%,0%,0%,0%,0%,0%,0%,0%,0%,0%,0%,0%,0%,0%,0%,0%,0%,0%,0%,0%,0%,0%,0%,0%,0%,0%,0%,0%
Delve,NOL-M9,8,17,NOL-M9 8-17,NOL-M9 VIII - Moon 17,0%,0%,53%,0%,0%,0%,0%,0%,0%,0%,0%,0%,0%,0%,0%,0%,0%,0%,0%,0%,0%,0%,0%,0%,0%,0%,0%,0%,0%,18%,0%,0%,29%,0%,0%,53%,0%,47%,100%
Delve,O-IOAI,2,1,O-IOAI 2-1,O-IOAI II - Moon 1,0%,40%,0%,0%,21%,0%,0%,0%,0%,0%,0%,10%,0%,0%,0%,0%,0%,0%,0%,0%,0%,0%,0%,0%,0%,0%,0%,0%,0%,0%,0%,0%,0%,29%,0%,71%,0%,29%,100%
Delve,PDE-U3,2,1,PDE-U3 2-1,PDE-U3 II - Moon 1,0%,0%,75%,0%,0%,0%,0%,0%,0%,0%,0%,0%,0%,0%,0%,0%,0%,0%,0%,0%,0%,25%,0%,0%,0%,0%,0%,0%,0%,0%,0%,0%,0%,0%,0%,75%,25%,0%,100%
Delve,PDE-U3,2,7,PDE-U3 2-7,PDE-U3 II - Moon 7,20%,0%,0%,0%,0%,0%,0%,0%,0%,0%,0%,0%,0%,0%,0%,0%,0%,0%,0%,0%,0%,0%,0%,0%,0%,0%,0%,0%,0%,19%,0%,0%,32%,0%,29%,20%,0%,80%,100%
Delve,PDE-U3,3,19,PDE-U3 3-19,PDE-U3 III - Moon 19,0%,0%,0%,21%,0%,0%,0%,0%,0%,0%,0%,0%,0%,0%,0%,0%,0%,0%,0%,0%,0%,0%,0%,0%,0%,0%,0%,0%,0%,27%,0%,0%,0%,24%,28%,21%,0%,79%,100%
Delve,PDE-U3,5,9,PDE-U3 5-9,PDE-U3 V - Moon 9,0%,0%,59%,0%,0%,0%,0%,0%,0%,0%,0%,0%,0%,0%,0%,0%,0%,0%,0%,0%,0%,0%,0%,0%,0%,0%,0%,24%,0%,0%,0%,0%,0%,0%,17%,59%,24%,17%,100%
Delve,PDE-U3,5,14,PDE-U3 5-14,PDE-U3 V - Moon 14,0%,0%,0%,0%,0%,0%,9%,0%,0%,0%,0%,0%,0%,21%,0%,0%,0%,0%,0%,0%,0%,0%,0%,25%,0%,0%,46%,0%,0%,0%,0%,0%,0%,0%,0%,30%,70%,0%,100%
Delve,PDE-U3,7,7,PDE-U3 7-7,PDE-U3 VII - Moon 7,0%,43%,0%,0%,16%,0%,0%,0%,0%,0%,10%,0%,0%,0%,0%,0%,0%,0%,0%,0%,0%,0%,0%,0%,0%,0%,31%,0%,0%,0%,0%,0%,0%,0%,0%,69%,31%,0%,100%
Delve,PR-8CA,7,18,PR-8CA 7-18,PR-8CA VII - Moon 18,0%,0%,0%,0%,0%,0%,0%,0%,0%,0%,0%,0%,0%,0%,0%,0%,0%,0%,0%,0%,0%,0%,0%,0%,0%,0%,0%,0%,0%,0%,0%,0%,0%,0%,0%,0%,0%,0%,0%
Delve,PS-94K,2,1,PS-94K 2-1,PS-94K II - Moon 1,0%,29%,19%,0%,0%,0%,0%,0%,0%,0%,0%,0%,0%,0%,0%,0%,0%,0%,0%,0%,0%,32%,0%,0%,0%,0%,0%,19%,0%,0%,0%,0%,0%,0%,0%,48%,51%,0%,99%
Delve,PS-94K,2,2,PS-94K 2-2,PS-94K II - Moon 2,0%,0%,0%,0%,0%,0%,0%,0%,32%,0%,30%,0%,0%,0%,0%,0%,0%,0%,0%,0%,0%,0%,0%,0%,0%,0%,0%,0%,0%,29%,0%,0%,9%,0%,0%,62%,0%,38%,100%
Delve,PS-94K,5,3,PS-94K 5-3,PS-94K V - Moon 3,0%,0%,0%,0%,0%,0%,0%,0%,48%,18%,0%,0%,0%,0%,0%,0%,0%,0%,0%,0%,0%,0%,0%,0%,34%,0%,0%,0%,0%,0%,0%,0%,0%,0%,0%,66%,34%,0%,100%
Delve,PUIG-F,6,5,PUIG-F 6-5,PUIG-F VI - Moon 5,0%,0%,0%,0%,0%,0%,0%,0%,0%,0%,0%,0%,0%,0%,0%,0%,0%,0%,0%,21%,0%,0%,0%,0%,0%,0%,0%,0%,0%,47%,21%,11%,0%,0%,0%,21%,0%,79%,100%
Delve,PUIG-F,6,7,PUIG-F 6-7,PUIG-F VI - Moon 7,0%,0%,0%,0%,0%,0%,0%,0%,0%,24%,0%,0%,0%,0%,0%,0%,0%,9%,0%,0%,0%,0%,0%,0%,0%,0%,26%,0%,0%,0%,0%,0%,0%,41%,0%,33%,26%,41%,100%
Delve,PUIG-F,6,8,PUIG-F 6-8,PUIG-F VI - Moon 8,0%,58%,20%,0%,0%,0%,0%,0%,0%,0%,0%,0%,0%,0%,0%,0%,0%,0%,0%,0%,0%,0%,0%,0%,0%,23%,0%,0%,0%,0%,0%,0%,0%,0%,0%,78%,23%,0%,101%
Delve,Q-02UL,4,1,Q-02UL 4-1,Q-02UL IV - Moon 1,0%,0%,0%,0%,0%,0%,0%,0%,0%,0%,0%,0%,0%,0%,0%,0%,0%,0%,0%,0%,0%,0%,0%,0%,0%,0%,0%,0%,0%,0%,0%,0%,0%,0%,0%,0%,0%,0%,0%
Delve,Q-02UL,4,12,Q-02UL 4-12,Q-02UL IV - Moon 12,0%,0%,0%,0%,0%,0%,0%,0%,0%,0%,0%,0%,0%,0%,0%,0%,0%,0%,0%,0%,0%,0%,0%,0%,0%,0%,0%,0%,0%,0%,0%,0%,0%,0%,0%,0%,0%,0%,0%
Delve,Q-02UL,6,1,Q-02UL 6-1,Q-02UL VI - Moon 1,0%,0%,0%,0%,0%,0%,0%,0%,0%,0%,0%,0%,0%,0%,0%,0%,0%,0%,0%,0%,0%,0%,0%,0%,0%,0%,0%,0%,0%,0%,0%,0%,0%,0%,0%,0%,0%,0%,0%
Delve,Q-02UL,7,2,Q-02UL 7-2,Q-02UL VII - Moon 2,0%,0%,0%,0%,0%,0%,0%,0%,0%,0%,0%,0%,0%,0%,0%,0%,0%,0%,0%,0%,0%,0%,0%,0%,0%,0%,0%,0%,0%,0%,0%,0%,0%,0%,0%,0%,0%,0%,0%
Delve,Q-02UL,7,3,Q-02UL 7-3,Q-02UL VII - Moon 3,0%,0%,0%,0%,0%,0%,0%,0%,0%,0%,0%,0%,0%,0%,0%,0%,0%,0%,0%,0%,0%,0%,0%,0%,0%,0%,0%,0%,0%,0%,0%,0%,0%,0%,0%,0%,0%,0%,0%
Delve,Q-02UL,7,17,Q-02UL 7-17,Q-02UL VII - Moon 17,0%,0%,0%,0%,0%,0%,0%,0%,0%,0%,0%,0%,0%,0%,0%,0%,0%,0%,0%,0%,0%,0%,0%,0%,0%,0%,0%,0%,0%,0%,0%,0%,0%,0%,0%,0%,0%,0%,0%
Delve,Q-HESZ,6,7,Q-HESZ 6-7,Q-HESZ VI - Moon 7,0%,0%,0%,0%,0%,0%,0%,0%,0%,31%,30%,0%,0%,0%,0%,0%,39%,0%,0%,0%,0%,0%,0%,0%,0%,0%,0%,0%,0%,0%,0%,0%,0%,0%,0%,100%,0%,0%,100%
Delve,Q-HESZ,6,12,Q-HESZ 6-12,Q-HESZ VI - Moon 12,0%,53%,0%,0%,0%,0%,0%,0%,0%,0%,0%,0%,0%,0%,0%,0%,0%,0%,0%,0%,19%,0%,0%,0%,0%,0%,0%,0%,0%,28%,0%,0%,0%,0%,0%,53%,19%,28%,100%
Delve,Q-HESZ,7,9,Q-HESZ 7-9,Q-HESZ VII - Moon 9,0%,31%,24%,22%,0%,0%,0%,0%,0%,0%,0%,0%,0%,0%,0%,0%,0%,0%,0%,0%,0%,0%,0%,0%,0%,0%,0%,0%,0%,0%,0%,0%,0%,23%,0%,77%,0%,23%,100%
Delve,Q-HESZ,7,10,Q-HESZ 7-10,Q-HESZ VII - Moon 10,0%,0%,0%,0%,0%,0%,0%,0%,0%,0%,0%,0%,0%,29%,0%,0%,0%,0%,0%,0%,0%,0%,0%,0%,0%,0%,0%,36%,0%,0%,9%,26%,0%,0%,0%,29%,36%,35%,100%
Delve,Q-JQSG,5,10,Q-JQSG 5-10,Q-JQSG V - Moon 10,0%,0%,0%,0%,0%,0%,0%,0%,0%,0%,0%,0%,0%,0%,0%,0%,0%,8%,0%,0%,30%,0%,0%,0%,0%,0%,0%,0%,0%,43%,0%,0%,18%,0%,0%,8%,30%,61%,99%
Delve,Q-JQSG,5,15,Q-JQSG 5-15,Q-JQSG V - Moon 15,0%,0%,23%,0%,0%,0%,0%,0%,0%,0%,0%,0%,0%,0%,0%,0%,0%,0%,0%,0%,0%,0%,21%,0%,0%,0%,0%,0%,0%,0%,0%,0%,0%,0%,56%,23%,21%,56%,100%
Delve,QC-YX6,6,2,QC-YX6 6-2,QC-YX6 VI - Moon 2,0%,0%,0%,0%,0%,0%,0%,0%,0%,0%,33%,0%,0%,27%,0%,0%,0%,0%,0%,0%,0%,0%,0%,0%,0%,0%,0%,20%,0%,0%,20%,0%,0%,0%,0%,60%,20%,20%,100%
Delve,QC-YX6,7,12,QC-YX6 7-12,QC-YX6 VII - Moon 12,0%,0%,0%,0%,0%,0%,0%,0%,0%,0%,0%,0%,0%,29%,0%,33%,0%,0%,0%,0%,0%,0%,0%,0%,0%,0%,0%,0%,0%,20%,0%,0%,0%,17%,0%,62%,0%,37%,99%
Delve,QC-YX6,8,1,QC-YX6 8-1,QC-YX6 VIII - Moon 1,0%,0%,10%,0%,0%,0%,0%,0%,0%,0%,0%,0%,0%,24%,0%,0%,0%,0%,0%,0%,0%,0%,0%,33%,0%,0%,0%,0%,0%,33%,0%,0%,0%,0%,0%,34%,33%,33%,100%
Delve,QX-LIJ,4,1,QX-LIJ 4-1,QX-LIJ IV - Moon 1,0%,0%,0%,0%,0%,0%,0%,0%,0%,0%,0%,0%,0%,0%,0%,0%,0%,0%,0%,0%,0%,0%,0%,0%,0%,0%,0%,0%,0%,0%,0%,0%,0%,0%,0%,0%,0%,0%,0%
Delve,QY6-RK,2,1,QY6-RK 2-1,QY6-RK II - Moon 1,0%,53%,30%,0%,0%,0%,0%,0%,0%,0%,0%,0%,0%,0%,0%,0%,0%,0%,0%,0%,0%,0%,0%,0%,0%,17%,0%,0%,0%,0%,0%,0%,0%,0%,0%,83%,17%,0%,100%
Delve,QY6-RK,3,3,QY6-RK 3-3,QY6-RK III - Moon 3,0%,0%,0%,0%,0%,0%,0%,0%,0%,0%,0%,0%,0%,0%,0%,0%,0%,0%,0%,21%,24%,0%,46%,0%,10%,0%,0%,0%,0%,0%,0%,0%,0%,0%,0%,21%,80%,0%,101%
Delve,QY6-RK,6,10,QY6-RK 6-10,QY6-RK VI - Moon 10,0%,16%,0%,0%,0%,0%,0%,0%,0%,0%,0%,0%,0%,0%,0%,0%,22%,0%,0%,0%,0%,0%,0%,0%,50%,0%,0%,0%,0%,0%,0%,0%,12%,0%,0%,38%,50%,12%,100%
Delve,R5-MM8,5,1,R5-MM8 5-1,R5-MM8 V - Moon 1,0%,0%,0%,0%,0%,0%,0%,0%,0%,30%,28%,32%,0%,0%,0%,0%,0%,0%,0%,0%,0%,0%,0%,0%,0%,0%,9%,0%,0%,0%,0%,0%,0%,0%,0%,90%,9%,0%,99%
Delve,R5-MM8,7,2,R5-MM8 7-2,R5-MM8 VII - Moon 2,0%,0%,51%,0%,0%,0%,0%,0%,0%,0%,0%,0%,0%,0%,0%,0%,0%,0%,0%,0%,0%,0%,17%,0%,0%,0%,0%,0%,0%,0%,0%,0%,0%,0%,32%,51%,17%,32%,100%
Delve,R5-MM8,7,8,R5-MM8 7-8,R5-MM8 VII - Moon 8,0%,53%,0%,0%,0%,0%,0%,0%,0%,0%,0%,0%,0%,0%,0%,0%,0%,0%,0%,0%,0%,0%,24%,0%,0%,0%,0%,0%,0%,0%,0%,0%,0%,23%,0%,53%,24%,23%,100%
Delve,R5-MM8,7,10,R5-MM8 7-10,R5-MM8 VII - Moon 10,0%,53%,0%,0%,0%,0%,0%,0%,0%,0%,0%,0%,0%,0%,0%,0%,0%,0%,0%,0%,16%,0%,0%,0%,0%,0%,0%,0%,0%,0%,0%,0%,0%,0%,32%,53%,16%,32%,101%
Delve,RCI-VL,5,1,RCI-VL 5-1,RCI-VL V - Moon 1,0%,0%,0%,0%,0%,0%,0%,0%,0%,0%,0%,0%,0%,0%,0%,0%,0%,0%,0%,0%,0%,0%,0%,0%,0%,0%,0%,0%,0%,0%,0%,0%,0%,0%,0%,0%,0%,0%,0%
Delve,RCI-VL,7,2,RCI-VL 7-2,RCI-VL VII - Moon 2,0%,0%,0%,0%,0%,0%,0%,0%,0%,0%,0%,0%,0%,0%,0%,0%,0%,0%,0%,0%,0%,0%,0%,0%,0%,0%,0%,0%,0%,0%,0%,0%,0%,0%,0%,0%,0%,0%,0%
Delve,RCI-VL,7,3,RCI-VL 7-3,RCI-VL VII - Moon 3,0%,0%,0%,0%,0%,0%,0%,0%,0%,0%,0%,0%,0%,0%,0%,0%,0%,0%,0%,0%,0%,0%,0%,0%,0%,0%,0%,0%,0%,0%,0%,0%,0%,0%,0%,0%,0%,0%,0%
Delve,RCI-VL,8,15,RCI-VL 8-15,RCI-VL VIII - Moon 15,0%,0%,0%,0%,0%,0%,0%,0%,0%,0%,0%,0%,0%,0%,0%,0%,0%,0%,0%,0%,0%,0%,0%,0%,0%,0%,0%,0%,0%,0%,0%,0%,0%,0%,0%,0%,0%,0%,0%
Delve,RCI-VL,9,4,RCI-VL 9-4,RCI-VL IX - Moon 4,0%,0%,0%,0%,0%,0%,0%,0%,0%,0%,0%,0%,0%,0%,0%,0%,0%,0%,0%,0%,0%,0%,0%,0%,0%,0%,0%,0%,0%,0%,0%,0%,0%,0%,0%,0%,0%,0%,0%
Delve,RCI-VL,9,23,RCI-VL 9-23,RCI-VL IX - Moon 23,0%,0%,0%,0%,0%,0%,0%,0%,0%,0%,0%,0%,0%,0%,0%,0%,0%,0%,0%,0%,0%,0%,0%,0%,0%,0%,0%,0%,0%,0%,0%,0%,0%,0%,0%,0%,0%,0%,0%
Delve,RF-K9W,5,2,RF-K9W 5-2,RF-K9W V - Moon 2,0%,28%,18%,0%,0%,0%,0%,0%,0%,0%,0%,0%,0%,0%,0%,0%,0%,0%,0%,0%,0%,0%,0%,0%,0%,0%,0%,0%,0%,0%,0%,0%,0%,34%,20%,46%,0%,54%,100%
Delve,RF-K9W,5,4,RF-K9W 5-4,RF-K9W V - Moon 4,0%,0%,0%,0%,0%,0%,0%,0%,0%,0%,0%,0%,0%,0%,0%,0%,0%,0%,17%,0%,0%,9%,0%,0%,55%,0%,0%,0%,0%,0%,0%,18%,0%,0%,0%,17%,64%,18%,99%
Delve,RF-K9W,7,2,RF-K9W 7-2,RF-K9W VII - Moon 2,0%,0%,0%,0%,0%,0%,0%,0%,0%,62%,30%,0%,0%,0%,0%,0%,0%,0%,0%,0%,0%,0%,0%,8%,0%,0%,0%,0%,0%,0%,0%,0%,0%,0%,0%,92%,8%,0%,100%
Delve,RF-K9W,7,3,RF-K9W 7-3,RF-K9W VII - Moon 3,17%,0%,0%,0%,0%,0%,0%,0%,0%,0%,0%,0%,0%,0%,0%,0%,0%,0%,0%,0%,0%,0%,0%,0%,0%,0%,0%,0%,0%,64%,0%,0%,0%,0%,20%,17%,0%,84%,101%
Delve,RF-K9W,7,5,RF-K9W 7-5,RF-K9W VII - Moon 5,0%,21%,29%,0%,0%,0%,0%,0%,0%,0%,0%,0%,0%,0%,0%,0%,0%,0%,0%,0%,0%,0%,0%,0%,0%,0%,0%,0%,0%,0%,0%,17%,0%,0%,32%,50%,0%,49%,99%
Delve,RF-K9W,7,8,RF-K9W 7-8,RF-K9W VII - Moon 8,0%,19%,0%,0%,0%,0%,0%,0%,0%,0%,0%,0%,0%,0%,0%,0%,0%,0%,0%,0%,0%,0%,15%,0%,0%,0%,0%,0%,0%,66%,0%,0%,0%,0%,0%,19%,15%,66%,100%
Delve,RF-K9W,7,12,RF-K9W 7-12,RF-K9W VII - Moon 12,0%,0%,84%,0%,0%,0%,0%,0%,0%,0%,0%,0%,0%,0%,0%,0%,0%,0%,0%,0%,0%,0%,0%,0%,0%,16%,0%,0%,0%,0%,0%,0%,0%,0%,0%,84%,16%,0%,100%
Delve,S-6HHN,8,5,S-6HHN 8-5,S-6HHN VIII - Moon 5,0%,0%,0%,0%,0%,0%,0%,0%,0%,0%,0%,0%,0%,0%,0%,0%,0%,0%,0%,0%,0%,0%,0%,0%,0%,0%,0%,0%,0%,0%,0%,0%,0%,0%,0%,0%,0%,0%,0%
Delve,SVM-3K,6,5,SVM-3K 6-5,SVM-3K VI - Moon 5,0%,0%,0%,0%,0%,0%,0%,0%,0%,0%,0%,0%,0%,0%,0%,0%,0%,0%,0%,0%,0%,0%,0%,0%,0%,0%,0%,0%,0%,0%,0%,0%,0%,0%,0%,0%,0%,0%,0%
Delve,T-IPZB,8,3,T-IPZB 8-3,T-IPZB VIII - Moon 3,0%,31%,24%,0%,0%,0%,0%,0%,0%,0%,0%,0%,0%,0%,0%,0%,0%,0%,0%,0%,0%,0%,0%,0%,0%,0%,0%,0%,0%,0%,0%,0%,19%,26%,0%,55%,0%,45%,100%
Delve,T-IPZB,8,9,T-IPZB 8-9,T-IPZB VIII - Moon 9,0%,0%,0%,0%,0%,0%,0%,0%,0%,0%,0%,0%,0%,61%,0%,0%,0%,0%,0%,0%,0%,0%,0%,0%,0%,19%,0%,19%,0%,0%,0%,0%,0%,0%,0%,61%,38%,0%,99%
Delve,T-IPZB,9,2,T-IPZB 9-2,T-IPZB IX - Moon 2,0%,57%,0%,0%,0%,0%,0%,0%,0%,0%,0%,0%,0%,0%,0%,0%,0%,0%,0%,0%,17%,0%,0%,0%,0%,0%,25%,0%,0%,0%,0%,0%,0%,0%,0%,57%,42%,0%,99%
Delve,T-J6HT,5,14,T-J6HT 5-14,T-J6HT V - Moon 14,0%,57%,0%,21%,0%,0%,0%,0%,0%,0%,0%,0%,0%,0%,0%,0%,0%,0%,0%,0%,0%,0%,22%,0%,0%,0%,0%,0%,0%,0%,0%,0%,0%,0%,0%,78%,22%,0%,100%
Delve,T-J6HT,6,3,T-J6HT 6-3,T-J6HT VI - Moon 3,0%,0%,0%,0%,0%,0%,0%,0%,0%,31%,0%,28%,0%,0%,0%,0%,0%,0%,0%,0%,0%,0%,0%,0%,0%,0%,0%,0%,0%,0%,0%,32%,0%,0%,9%,59%,0%,41%,100%
Delve,T-M0FA,3,22,T-M0FA 3-22,T-M0FA III - Moon 22,0%,0%,0%,19%,0%,0%,0%,0%,0%,0%,0%,0%,0%,0%,0%,0%,0%,0%,0%,0%,0%,0%,0%,0%,0%,0%,0%,0%,0%,27%,0%,0%,30%,24%,0%,19%,0%,81%,100%
Delve,UHKL-N,6,3,UHKL-N 6-3,UHKL-N VI - Moon 3,0%,0%,0%,0%,0%,0%,0%,0%,0%,0%,0%,0%,0%,0%,0%,0%,0%,0%,0%,0%,0%,0%,0%,0%,0%,0%,0%,0%,0%,0%,0%,0%,0%,0%,0%,0%,0%,0%,0%
Delve,UHKL-N,7,6,UHKL-N 7-6,UHKL-N VII - Moon 6,0%,0%,0%,0%,0%,0%,0%,0%,0%,0%,0%,0%,0%,0%,0%,0%,0%,0%,0%,0%,0%,0%,0%,0%,0%,0%,0%,0%,0%,0%,0%,0%,0%,0%,0%,0%,0%,0%,0%
Delve,W-KQPI,2,3,W-KQPI 2-3,W-KQPI II - Moon 3,0%,0%,0%,0%,23%,0%,0%,0%,0%,10%,0%,0%,0%,0%,0%,0%,0%,0%,0%,0%,0%,0%,0%,0%,0%,0%,0%,0%,0%,38%,0%,0%,0%,0%,29%,33%,0%,67%,100%
Delve,W-KQPI,2,12,W-KQPI 2-12,W-KQPI II - Moon 12,0%,0%,0%,0%,0%,0%,0%,0%,0%,0%,0%,0%,0%,0%,0%,0%,0%,0%,38%,0%,0%,23%,39%,0%,0%,0%,0%,0%,0%,0%,0%,0%,0%,0%,0%,38%,62%,0%,100%
Delve,Y-OMTZ,4,1,Y-OMTZ 4-1,Y-OMTZ IV - Moon 1,0%,17%,30%,32%,0%,0%,0%,0%,0%,0%,0%,0%,0%,0%,0%,0%,0%,0%,0%,0%,0%,0%,0%,0%,0%,0%,0%,0%,0%,21%,0%,0%,0%,0%,0%,79%,0%,21%,100%
Delve,Y-OMTZ,5,4,Y-OMTZ 5-4,Y-OMTZ V - Moon 4,0%,16%,0%,0%,0%,0%,0%,0%,33%,0%,0%,0%,0%,30%,0%,0%,0%,0%,0%,0%,22%,0%,0%,0%,0%,0%,0%,0%,0%,0%,0%,0%,0%,0%,0%,78%,22%,0%,100%
Delve,Y-OMTZ,5,6,Y-OMTZ 5-6,Y-OMTZ V - Moon 6,0%,36%,17%,0%,0%,0%,0%,0%,0%,0%,0%,0%,0%,0%,0%,0%,0%,0%,0%,0%,0%,0%,0%,0%,0%,0%,0%,0%,0%,0%,0%,0%,0%,47%,0%,53%,0%,47%,100%
Delve,Y-OMTZ,5,7,Y-OMTZ 5-7,Y-OMTZ V - Moon 7,0%,0%,0%,0%,29%,0%,0%,0%,0%,0%,0%,0%,0%,0%,0%,0%,0%,0%,0%,0%,0%,19%,0%,0%,0%,0%,0%,0%,0%,0%,0%,0%,0%,0%,52%,29%,19%,52%,100%
Delve,Y-OMTZ,5,8,Y-OMTZ 5-8,Y-OMTZ V - Moon 8,0%,0%,47%,0%,0%,0%,0%,0%,0%,0%,0%,0%,0%,0%,0%,0%,0%,0%,0%,0%,0%,0%,0%,0%,0%,0%,0%,0%,0%,0%,0%,18%,0%,36%,0%,47%,0%,53%,100%
Delve,Y-OMTZ,7,2,Y-OMTZ 7-2,Y-OMTZ VII - Moon 2,0%,39%,0%,0%,19%,0%,0%,0%,11%,0%,0%,0%,0%,0%,0%,0%,0%,0%,0%,0%,0%,0%,0%,0%,0%,0%,31%,0%,0%,0%,0%,0%,0%,0%,0%,69%,31%,0%,100%
Delve,Y-OMTZ,7,10,Y-OMTZ 7-10,Y-OMTZ VII - Moon 10,23%,0%,0%,0%,0%,0%,0%,0%,0%,0%,0%,0%,0%,0%,0%,0%,0%,0%,0%,0%,0%,0%,0%,18%,0%,0%,0%,0%,0%,31%,0%,0%,0%,0%,29%,23%,18%,60%,100%
Delve,Y-OMTZ,8,3,Y-OMTZ 8-3,Y-OMTZ VIII - Moon 3,0%,0%,16%,0%,0%,0%,0%,0%,0%,0%,0%,0%,0%,0%,0%,0%,0%,0%,0%,0%,0%,0%,0%,0%,0%,0%,0%,0%,0%,18%,0%,33%,0%,33%,0%,16%,0%,84%,100%
Delve,Y-OMTZ,8,5,Y-OMTZ 8-5,Y-OMTZ VIII - Moon 5,0%,0%,20%,0%,0%,0%,0%,0%,0%,0%,0%,0%,0%,0%,0%,0%,0%,0%,0%,0%,0%,0%,0%,0%,0%,0%,0%,0%,0%,28%,20%,0%,0%,0%,32%,20%,0%,80%,100%
Delve,Y-OMTZ,9,3,Y-OMTZ 9-3,Y-OMTZ IX - Moon 3,0%,0%,0%,0%,0%,0%,0%,0%,0%,0%,31%,0%,0%,0%,0%,0%,0%,0%,0%,0%,0%,0%,0%,31%,0%,29%,0%,0%,0%,0%,0%,0%,0%,0%,8%,31%,60%,8%,100%
Delve,ZA9-PY,3,2,ZA9-PY 3-2,ZA9-PY III - Moon 2,0%,0%,0%,0%,0%,0%,0%,0%,0%,0%,0%,0%,0%,0%,0%,0%,0%,0%,0%,0%,0%,0%,0%,0%,0%,0%,0%,0%,0%,0%,0%,0%,0%,0%,0%,0%,0%,0%,0%
Delve,ZA9-PY,5,2,ZA9-PY 5-2,ZA9-PY V - Moon 2,0%,0%,0%,0%,0%,0%,0%,0%,0%,0%,0%,0%,0%,0%,0%,0%,0%,0%,0%,0%,0%,0%,0%,0%,0%,0%,0%,0%,0%,0%,0%,0%,0%,0%,0%,0%,0%,0%,0%
Delve,ZA9-PY,10,2,ZA9-PY 10-2,ZA9-PY X - Moon 2,0%,0%,0%,0%,0%,0%,0%,0%,0%,0%,0%,0%,0%,0%,0%,0%,0%,0%,0%,0%,0%,0%,0%,0%,0%,0%,0%,0%,0%,0%,0%,0%,0%,0%,0%,0%,0%,0%,0%
Delve,ZA9-PY,10,4,ZA9-PY 10-4,ZA9-PY X - Moon 4,0%,0%,0%,0%,0%,0%,0%,0%,0%,0%,0%,0%,0%,0%,0%,0%,0%,0%,0%,0%,0%,0%,0%,0%,0%,0%,0%,0%,0%,0%,0%,0%,0%,0%,0%,0%,0%,0%,0%
Delve,ZXB-VC,2,1,ZXB-VC 2-1,ZXB-VC II - Moon 1,,16%,62%,,,,,,,,,,,,,,,,,,,,,,,,22%,,,,,,,,,78%,22%,0%,100%
Delve,ZXB-VC,5,2,ZXB-VC 5-2,ZXB-VC V - Moon 2,,21%,59%,,,,,,,,,,,,,,,,,,,,,19%,,,,,,,,,,,,81%,19%,0%,100%
Delve,ZXB-VC,5,3,ZXB-VC 5-3,ZXB-VC V - Moon 3,,,,,20%,,,,,8%,,,,,,,,,,,,29%,,,,,,,,,,,,,42%,29%,29%,42%,100%
Delve,ZXB-VC,5,8,ZXB-VC 5-8,ZXB-VC V - Moon 8,,,18%,,,,,,,,,,,,,,,,,,,,,,,,25%,,,,,,,,57%,18%,25%,57%,100%
Fountain,4HS-CR,9,13,4HS-CR 9-13,4HS-CR IX - Moon 13,0%,0%,0%,0%,0%,0%,0%,0%,0%,17%,46%,0%,0%,0%,0%,0%,0%,0%,0%,0%,0%,0%,0%,0%,0%,0%,0%,0%,19%,0%,0%,0%,0%,0%,18%,63%,19%,18%,100%
Fountain,75FA-Z,3,2,75FA-Z 3-2,75FA-Z III - Moon 2,0%,0%,0%,0%,0%,0%,0%,0%,25%,0%,32%,34%,0%,0%,0%,0%,0%,0%,0%,0%,0%,0%,8%,0%,0%,0%,0%,0%,0%,0%,0%,0%,0%,0%,0%,92%,8%,0%,100%
Fountain,75FA-Z,8,4,75FA-Z 8-4,75FA-Z VIII - Moon 4,0%,0%,0%,0%,0%,0%,0%,0%,0%,0%,0%,0%,0%,0%,55%,0%,0%,0%,0%,0%,0%,0%,0%,0%,0%,0%,0%,0%,22%,0%,0%,0%,22%,0%,0%,55%,22%,22%,100%
Fountain,87XQ-0,5,4,87XQ-0 5-4,87XQ-0 V - Moon 4,0%,0%,0%,0%,0%,0%,0%,0%,0%,0%,0%,0%,0%,0%,0%,0%,19%,0%,21%,0%,0%,0%,0%,0%,0%,0%,0%,0%,0%,0%,0%,31%,29%,0%,0%,40%,0%,60%,100%
Fountain,D-Q04X,2,1,D-Q04X 2-1,D-Q04X II - Moon 1,16%,0%,0%,0%,0%,0%,0%,0%,0%,0%,0%,0%,0%,0%,0%,0%,20%,0%,0%,0%,0%,0%,0%,0%,0%,0%,0%,0%,9%,0%,0%,55%,0%,0%,0%,37%,9%,55%,100%
Fountain,D-Q04X,8,7,D-Q04X 8-7,D-Q04X VIII - Moon 7,0%,0%,0%,0%,0%,0%,0%,0%,0%,0%,0%,0%,0%,34%,28%,0%,0%,0%,0%,0%,0%,0%,0%,0%,0%,0%,0%,0%,0%,0%,18%,0%,0%,0%,20%,62%,0%,38%,100%
Fountain,G1CA-Y,8,1,G1CA-Y 8-1,G1CA-Y VIII - Moon 1,0%,0%,0%,0%,0%,0%,0%,0%,0%,0%,0%,29%,0%,0%,0%,0%,22%,18%,0%,0%,0%,0%,0%,0%,0%,0%,0%,31%,0%,0%,0%,0%,0%,0%,0%,69%,31%,0%,100%
Fountain,J-RQMF,4,3,J-RQMF 4-3,J-RQMF IV - Moon 3,0%,0%,0%,0%,0%,0%,0%,0%,0%,0%,0%,0%,0%,0%,0%,0%,0%,0%,45%,0%,17%,0%,0%,0%,0%,0%,18%,0%,0%,0%,0%,0%,0%,0%,20%,45%,35%,20%,100%
Fountain,J-RQMF,5,5,J-RQMF 5-5,J-RQMF V - Moon 5,0%,0%,0%,0%,0%,0%,0%,0%,22%,0%,0%,0%,32%,0%,28%,0%,0%,0%,0%,0%,0%,0%,0%,0%,0%,0%,0%,0%,0%,0%,18%,0%,0%,0%,0%,82%,0%,18%,100%
Fountain,J-RQMF,7,5,J-RQMF 7-5,J-RQMF VII - Moon 5,0%,0%,0%,0%,0%,0%,0%,0%,0%,0%,0%,0%,0%,0%,0%,0%,22%,0%,0%,23%,30%,0%,0%,25%,0%,0%,0%,0%,0%,0%,0%,0%,0%,0%,0%,45%,55%,0%,100%
Fountain,KVN-36,5,1,KVN-36 5-1,KVN-36 V - Moon 1,0%,0%,0%,30%,0%,0%,0%,9%,0%,40%,0%,0%,0%,0%,21%,0%,0%,0%,0%,0%,0%,0%,0%,0%,0%,0%,0%,0%,0%,0%,0%,0%,0%,0%,0%,100%,0%,0%,100%
Fountain,LBGI-2,8,9,LBGI-2 8-9,LBGI-2 VIII - Moon 9,0%,0%,20%,0%,0%,0%,0%,0%,0%,0%,45%,0%,0%,0%,0%,0%,0%,0%,0%,0%,0%,0%,18%,0%,0%,17%,0%,0%,0%,0%,0%,0%,0%,0%,0%,66%,34%,0%,100%
Fountain,MN5N-X,7,8,MN5N-X 7-8,MN5N-X VII - Moon 8,0%,0%,0%,0%,0%,0%,0%,0%,0%,0%,34%,0%,0%,0%,32%,0%,0%,0%,0%,0%,0%,0%,0%,0%,16%,0%,0%,18%,0%,0%,0%,0%,0%,0%,0%,66%,34%,0%,100%
Fountain,TEG-SD,5,1,TEG-SD 5-1,TEG-SD V - Moon 1,0%,0%,0%,0%,0%,0%,0%,0%,0%,0%,0%,19%,0%,0%,0%,0%,0%,0%,43%,0%,0%,0%,0%,18%,0%,0%,0%,0%,0%,0%,0%,0%,21%,0%,0%,62%,18%,21%,100%
Fountain,TEG-SD,9,2,TEG-SD 9-2,TEG-SD IX - Moon 2,0%,0%,0%,0%,0%,0%,0%,0%,0%,34%,24%,0%,0%,0%,0%,0%,0%,0%,0%,0%,0%,0%,0%,0%,0%,0%,0%,8%,0%,34%,0%,0%,0%,0%,0%,58%,8%,34%,100%
Fountain,WMH-SO,6,8,WMH-SO 6-8,WMH-SO VI - Moon 8,0%,0%,0%,0%,0%,0%,9%,0%,0%,0%,41%,0%,0%,0%,21%,0%,0%,0%,0%,0%,0%,0%,0%,0%,29%,0%,0%,0%,0%,0%,0%,0%,0%,0%,0%,71%,29%,0%,100%
Fountain,Y-2ANO,7,10,Y-2ANO 7-10,Y-2ANO VII - Moon 10,0%,0%,0%,0%,0%,0%,0%,0%,0%,0%,0%,0%,0%,0%,0%,0%,45%,0%,0%,0%,0%,0%,0%,0%,0%,0%,18%,0%,20%,0%,16%,0%,0%,0%,0%,45%,38%,16%,100%
Fountain,Y-2ANO,8,5,Y-2ANO 8-5,Y-2ANO VIII - Moon 5,0%,19%,0%,0%,0%,0%,0%,0%,0%,0%,0%,0%,0%,0%,0%,0%,19%,0%,0%,0%,0%,0%,0%,0%,0%,0%,0%,0%,0%,0%,0%,54%,0%,8%,0%,38%,0%,62%,100%
Fountain,YZ-LQL,8,23,YZ-LQL 8-23,YZ-LQL VIII - Moon 23,0%,10%,0%,0%,0%,0%,0%,0%,0%,41%,0%,0%,0%,0%,18%,0%,0%,0%,0%,0%,0%,0%,31%,0%,0%,0%,0%,0%,0%,0%,0%,0%,0%,0%,0%,69%,31%,0%,100%
Querious,0TKF-6,9,2,0TKF-6 9-2,0TKF-6 IX - Moon 2,0%,0%,0%,0%,0%,0%,0%,0%,0%,0%,0%,0%,0%,0%,0%,0%,0%,0%,0%,0%,0%,0%,0%,0%,0%,0%,0%,0%,0%,0%,0%,0%,0%,0%,0%,0%,0%,0%,0%
Querious,4-2UXV,6,6,4-2UXV 6-6,4-2UXV VI - Moon 6,0%,0%,0%,11%,0%,0%,0%,0%,0%,0%,0%,0%,0%,19%,0%,0%,0%,0%,0%,0%,0%,0%,0%,0%,0%,0%,0%,0%,0%,30%,0%,0%,0%,40%,0%,30%,0%,70%,100%
Querious,4-2UXV,7,10,4-2UXV 7-10,4-2UXV VII - Moon 10,0%,29%,19%,0%,0%,0%,0%,0%,0%,0%,0%,0%,0%,0%,0%,0%,0%,0%,0%,0%,0%,0%,27%,0%,0%,0%,0%,0%,0%,0%,0%,0%,0%,0%,25%,48%,27%,25%,100%
Querious,60M-TG,8,12,60M-TG 8-12,60M-TG VIII - Moon 12,,,,,,,,,,,,,,,,,,,,22%,13%,,,,,,,18%,,,,,,47%,,22%,31%,47%,100%
Querious,8-YNBE,3,1,8-YNBE 3-1,8-YNBE III - Moon 1,0%,0%,0%,0%,0%,0%,0%,0%,0%,0%,0%,0%,0%,31%,0%,0%,0%,0%,0%,0%,0%,8%,32%,0%,0%,0%,0%,0%,0%,0%,0%,0%,28%,0%,0%,31%,40%,28%,99%
Querious,8-YNBE,5,1,8-YNBE 5-1,8-YNBE V - Moon 1,0%,0%,53%,0%,0%,0%,0%,0%,0%,0%,0%,0%,0%,0%,0%,0%,0%,0%,0%,0%,0%,0%,0%,0%,0%,18%,0%,0%,0%,30%,0%,0%,0%,0%,0%,53%,18%,30%,101%
Querious,8-YNBE,9,3,8-YNBE 9-3,8-YNBE IX - Moon 3,0%,0%,0%,0%,0%,0%,0%,0%,0%,0%,0%,0%,0%,0%,0%,0%,0%,0%,16%,0%,0%,0%,0%,0%,0%,0%,22%,0%,0%,0%,62%,0%,0%,0%,0%,16%,22%,62%,100%
Querious,8-YNBE,9,7,8-YNBE 9-7,8-YNBE IX - Moon 7,0%,0%,0%,0%,0%,0%,0%,0%,0%,0%,,0%,0%,0%,0%,0%,0%,0%,0%,42%,0%,22%,0%,0%,0%,0%,0%,0%,0%,19%,0%,0%,16%,0%,0%,42%,22%,35%,99%
Querious,B-7DFU,3,1,B-7DFU 3-1,B-7DFU III - Moon 1,0%,0%,0%,0%,0%,0%,0%,0%,0%,0%,0%,0%,0%,0%,0%,0%,0%,21%,0%,0%,0%,0%,0%,0%,0%,0%,0%,0%,0%,0%,0%,0%,21%,49%,9%,21%,0%,79%,100%
Querious,BX-VEX,3,1,BX-VEX 3-1,BX-VEX III - Moon 1,0%,0%,0%,21%,0%,0%,0%,0%,0%,59%,0%,0%,0%,0%,0%,0%,0%,0%,0%,0%,0%,0%,0%,0%,0%,0%,0%,0%,0%,0%,0%,0%,0%,0%,19%,80%,0%,19%,99%
Querious,BX-VEX,6,11,BX-VEX 6-11,BX-VEX VI - Moon 11,0%,22%,0%,0%,0%,0%,0%,0%,0%,0%,0%,0%,0%,0%,0%,0%,0%,23%,0%,0%,0%,0%,0%,0%,0%,0%,0%,0%,44%,11%,0%,0%,0%,0%,0%,45%,44%,11%,100%
Querious,BX-VEX,7,8,BX-VEX 7-8,BX-VEX VII - Moon 8,0%,0%,0%,0%,0%,0%,0%,0%,0%,0%,0%,0%,0%,0%,0%,0%,0%,0%,0%,17%,0%,0%,0%,0%,0%,0%,0%,0%,18%,0%,0%,11%,0%,0%,54%,17%,18%,65%,100%
Querious,BX-VEX,7,15,BX-VEX 7-15,BX-VEX VII - Moon 15,0%,0%,0%,0%,0%,0%,0%,0%,0%,0%,0%,0%,0%,0%,0%,0%,35%,25%,0%,0%,0%,0%,0%,0%,0%,0%,0%,0%,0%,0%,0%,0%,0%,0%,40%,60%,0%,40%,100%
Querious,BX-VEX,9,3,BX-VEX 9-3,BX-VEX IX - Moon 3,0%,0%,0%,0%,0%,0%,0%,0%,0%,0%,0%,0%,0%,0%,0%,0%,24%,0%,19%,0%,0%,0%,0%,0%,0%,0%,0%,25%,0%,0%,33%,0%,0%,0%,0%,43%,25%,33%,101%
Querious,DG-L7S,6,13,DG-L7S 6-13,DG-L7S VI - Moon 13,0%,0%,0%,0%,0%,0%,0%,0%,18%,0%,0%,0%,0%,0%,0%,0%,0%,40%,0%,0%,0%,0%,0%,0%,0%,0%,22%,0%,0%,0%,0%,0%,0%,21%,0%,57%,22%,21%,100%
Querious,DG-L7S,7,1,DG-L7S 7-1,DG-L7S VII - Moon 1,0%,0%,49%,0%,0%,0%,0%,0%,0%,0%,0%,0%,0%,0%,0%,0%,0%,0%,0%,0%,0%,0%,0%,0%,0%,0%,0%,0%,0%,0%,0%,0%,0%,18%,33%,49%,0%,51%,100%
Querious,DG-L7S,7,9,DG-L7S 7-9,DG-L7S VII - Moon 9,0%,0%,0%,0%,0%,0%,0%,0%,0%,0%,0%,36%,0%,0%,0%,0%,21%,0%,0%,18%,0%,25%,0%,0%,0%,0%,0%,0%,0%,0%,0%,0%,0%,0%,0%,75%,25%,0%,100%
Querious,DG-L7S,7,11,DG-L7S 7-11,DG-L7S VII - Moon 11,0%,0%,0%,0%,0%,0%,0%,0%,0%,0%,0%,0%,0%,32%,0%,0%,0%,0%,0%,0%,0%,30%,0%,28%,0%,10%,0%,0%,0%,0%,0%,0%,0%,0%,0%,32%,68%,0%,100%
Querious,DG-L7S,8,14,DG-L7S 8-14,DG-L7S VIII - Moon 14,31%,48%,0%,0%,0%,0%,0%,0%,0%,0%,0%,0%,0%,0%,0%,0%,0%,0%,0%,0%,0%,0%,0%,0%,0%,0%,0%,0%,0%,0%,0%,0%,0%,0%,20%,80%,0%,20%,100%
Querious,E-VKJV,7,4,E-VKJV 7-4,E-VKJV VII - Moon 4,0%,0%,0%,0%,0%,0%,0%,0%,0%,31%,0%,29%,0%,0%,0%,0%,0%,0%,0%,0%,0%,0%,0%,0%,0%,0%,0%,0%,0%,27%,0%,12%,0%,0%,0%,60%,0%,40%,100%
Querious,F2OY-X,3,1,F2OY-X 3-1,F2OY-X III - Moon 1,0%,0%,0%,0%,0%,0%,0%,0%,0%,0%,28%,0%,0%,0%,0%,0%,0%,19%,24%,0%,0%,0%,0%,0%,0%,0%,0%,0%,0%,0%,0%,0%,28%,0%,0%,72%,0%,28%,100%
Querious,F2OY-X,4,11,F2OY-X 4-11,F2OY-X IV - Moon 11,0%,0%,0%,0%,0%,0%,0%,0%,0%,37%,0%,0%,0%,0%,0%,0%,0%,0%,12%,0%,18%,0%,0%,0%,0%,0%,0%,0%,34%,0%,0%,0%,0%,0%,0%,49%,51%,0%,100%
Querious,F2OY-X,5,4,F2OY-X 5-4,F2OY-X V - Moon 4,0%,0%,30%,0%,0%,11%,0%,0%,0%,0%,0%,0%,0%,23%,0%,0%,0%,0%,0%,0%,0%,0%,0%,36%,0%,0%,0%,0%,0%,0%,0%,0%,0%,0%,0%,64%,36%,0%,100%
Querious,F2OY-X,5,5,F2OY-X 5-5,F2OY-X V - Moon 5,0%,0%,0%,0%,0%,0%,0%,0%,0%,0%,0%,0%,0%,0%,0%,0%,40%,0%,0%,0%,0%,0%,0%,17%,22%,0%,0%,0%,21%,0%,0%,0%,0%,0%,0%,40%,60%,0%,100%
Querious,F2OY-X,5,14,F2OY-X 5-14,F2OY-X V - Moon 14,0%,0%,0%,0%,0%,0%,0%,0%,0%,0%,0%,0%,0%,0%,0%,0%,0%,0%,0%,0%,0%,0%,0%,0%,0%,0%,0%,0%,0%,0%,0%,0%,0%,0%,0%,0%,0%,0%,0%
Querious,K-L690,4,9,K-L690 4-9,K-L690 IV - Moon 9,0%,0%,0%,0%,0%,0%,0%,0%,0%,0%,0%,0%,0%,0%,0%,0%,35%,0%,0%,0%,0%,22%,0%,0%,0%,42%,0%,0%,0%,0%,0%,0%,0%,0%,0%,35%,65%,0%,100%
Querious,K4-RFZ,7,3,K4-RFZ 7-3,K4-RFZ VII - Moon 3,0%,0%,60%,0%,40%,0%,0%,0%,0%,0%,0%,0%,0%,0%,0%,0%,0%,0%,0%,0%,0%,0%,0%,0%,0%,0%,0%,0%,0%,0%,0%,0%,0%,0%,0%,100%,0%,0%,100%
Querious,L-6W1J,1,1,L-6W1J 1-1,L-6W1J I - Moon 1,0%,0%,0%,0%,0%,0%,0%,0%,29%,0%,27%,0%,0%,0%,0%,0%,0%,0%,0%,45%,0%,0%,0%,0%,0%,0%,0%,0%,0%,0%,0%,0%,0%,0%,0%,100%,0%,0%,100%
Querious,L-FVHR,9,18,L-FVHR 9-18,L-FVHR IX - Moon 18,0%,0%,0%,0%,0%,0%,0%,0%,0%,0%,0%,0%,0%,0%,0%,0%,0%,0%,0%,0%,0%,0%,0%,0%,0%,0%,0%,0%,0%,0%,0%,0%,0%,0%,0%,0%,0%,0%,0%
Querious,OGY-6D,5,1,OGY-6D 5-1,OGY-6D V - Moon 1,,,,,,,,,,,,21%,,,,,,46%,,,16%,,,,,,,,,17%,,,,,,67%,16%,17%,100%
Querious,P4-3TJ,6,8,P4-3TJ 6-8,P4-3TJ VI - Moon 8,0%,0%,0%,0%,0%,0%,0%,0%,0%,0%,0%,0%,0%,0%,0%,0%,0%,27%,33%,0%,0%,0%,0%,0%,0%,0%,0%,21%,0%,0%,0%,0%,0%,0%,19%,61%,21%,19%,100%
Querious,P4-3TJ,7,5,P4-3TJ 7-5,P4-3TJ VII - Moon 5,0%,0%,0%,0%,0%,0%,0%,0%,0%,0%,61%,0%,0%,0%,0%,0%,0%,0%,0%,0%,0%,0%,0%,0%,27%,0%,11%,0%,0%,0%,0%,0%,0%,0%,0%,61%,39%,0%,100%
Querious,P4-3TJ,8,23,P4-3TJ 8-23,P4-3TJ VIII - Moon 23,0%,0%,0%,0%,0%,0%,0%,0%,0%,0%,0%,0%,30%,30%,0%,0%,0%,0%,0%,0%,0%,0%,22%,0%,0%,0%,0%,0%,0%,0%,0%,0%,0%,0%,18%,60%,22%,18%,100%
Querious,QY1E-N,6,15,QY1E-N 6-15,QY1E-N VI - Moon 15,0%,0%,0%,0%,0%,0%,0%,0%,0%,0%,0%,0%,0%,0%,0%,0%,0%,0%,0%,0%,0%,0%,0%,0%,0%,0%,0%,0%,0%,0%,0%,0%,0%,0%,0%,0%,0%,0%,0%
Querious,RF-CN3,5,10,RF-CN3 5-10,RF-CN3 V - Moon 10,,31%,,10%,,,,,42%,,,,,16%,,,,,,,,,,,,,,,,,,,,,,100%,0%,0%,100%
Querious,RKM-GE,4,4,RKM-GE 4-4,RKM-GE IV - Moon 4,0%,0%,18%,0%,0%,0%,0%,0%,0%,0%,0%,0%,0%,0%,0%,0%,0%,0%,0%,0%,0%,0%,0%,0%,0%,0%,0%,0%,0%,31%,0%,0%,0%,0%,50%,18%,0%,82%,100%
Querious,RKM-GE,5,5,RKM-GE 5-5,RKM-GE V - Moon 5,0%,0%,21%,0%,0%,0%,0%,0%,0%,0%,0%,0%,0%,0%,0%,0%,0%,0%,0%,0%,0%,0%,0%,0%,0%,0%,0%,0%,0%,0%,0%,21%,0%,0%,59%,21%,0%,79%,100%
Querious,RKM-GE,5,7,RKM-GE 5-7,RKM-GE V - Moon 7,0%,0%,0%,0%,0%,0%,0%,0%,0%,0%,34%,0%,0%,0%,0%,0%,0%,0%,0%,0%,0%,0%,0%,26%,0%,0%,0%,0%,0%,32%,0%,0%,0%,0%,8%,34%,26%,40%,100%
Querious,RKM-GE,6,7,RKM-GE 6-7,RKM-GE VI - Moon 7,0%,0%,0%,0%,0%,0%,0%,0%,0%,0%,0%,0%,0%,0%,0%,0%,0%,0%,10%,0%,0%,0%,0%,0%,0%,0%,0%,0%,44%,0%,0%,0%,0%,47%,0%,10%,44%,47%,100%
Querious,SKR-SP,7,6,SKR-SP 7-6,SKR-SP VII - Moon 6,,,,,,,,,,,,,,,,,,,23%,,,,,,21%,,,46%,,,,,10%,,,23%,68%,10%,100%
Querious,U-HYZN,6,17,U-HYZN 6-17,U-HYZN VI - Moon 17,0%,0%,0%,0%,0%,0%,0%,0%,0%,0%,0%,0%,0%,0%,0%,0%,0%,0%,0%,0%,0%,0%,0%,0%,0%,0%,0%,0%,0%,0%,0%,0%,0%,0%,0%,0%,0%,0%,0%
Querious,YQX-7U,3,1,YQX-7U 3-1,YQX-7U III - Moon 1,0%,0%,41%,0%,20%,0%,0%,0%,0%,10%,0%,0%,0%,0%,0%,0%,0%,0%,0%,0%,0%,0%,0%,0%,0%,0%,0%,0%,0%,0%,0%,0%,0%,0%,30%,71%,0%,30%,101%
Querious,YQX-7U,3,12,YQX-7U 3-12,YQX-7U III - Moon 12,0%,21%,26%,0%,0%,0%,0%,0%,0%,0%,0%,0%,0%,0%,0%,0%,0%,0%,0%,0%,0%,0%,0%,0%,0%,0%,0%,0%,0%,0%,0%,0%,0%,31%,22%,47%,0%,53%,100%
Querious,YQX-7U,5,6,YQX-7U 5-6,YQX-7U V - Moon 6,0%,51%,0%,0%,0%,0%,0%,0%,0%,0%,0%,0%,0%,0%,0%,0%,0%,0%,0%,0%,0%,0%,0%,0%,0%,0%,0%,0%,0%,0%,0%,0%,0%,17%,32%,51%,0%,49%,100%
Querious,YQX-7U,6,11,YQX-7U 6-11,YQX-7U VI - Moon 11,0%,48%,0%,0%,0%,0%,0%,0%,0%,0%,0%,0%,0%,0%,0%,0%,0%,0%,0%,0%,0%,0%,0%,0%,0%,0%,0%,0%,0%,0%,0%,0%,23%,30%,0%,48%,0%,53%,101%
Querious,YQX-7U,6,18,YQX-7U 6-18,YQX-7U VI - Moon 18,0%,51%,0%,0%,0%,0%,0%,0%,0%,0%,0%,0%,0%,0%,0%,0%,0%,0%,0%,0%,0%,0%,0%,49%,0%,0%,0%,0%,0%,0%,0%,0%,0%,0%,0%,51%,49%,0%,100%
Querious,YW-SYT,3,1,YW-SYT 3-1,YW-SYT III - Moon 1,,,,,,,,,26%,29%,,,,34%,,,,,,,,,,,,,,11%,,,,,,,,89%,11%,0%,100%